author,no,adressee,words
tlg2040-004,0001,ΕΥΣΤΑΘΙῼ ΦΙΛΟΣΟΦῼ,457
tlg2040-004,0002,ΓΡΗΓΟΡΙῼ ΕΤΑΙΡῼ,1966
tlg2040-004,0003,ΚΑΝΔΙΔΙΑΝῼ,371
tlg2040-004,0004,ΟΛΥΜΠΙῼ,197
tlg2040-004,0005,ΠΡΟΣ ΝΕΚΤΑΡΙΟΝ ΠΑΡΑΜΥΘΗΤΙΚΗ,664
tlg2040-004,0006,"ΠΡΟΣ ΤΗΝ ΟΜΟΖΥΓΟΝ ΝΕΚΤΑΡΙΟΥ 
ΠΑΡΑΜΥΘΗΤΙΚΗ",602
tlg2040-004,0007,ΓΡΗΓΟΡΙῼ ΕΤΑΙΡῼ,190
tlg2040-004,0008,"ΤΟΙΣ ΚΑΙΣΑΡΕΥΣΙΝ ΑΠΟΛΟΓΙΑ ΠΕΡΙ ΤΗΣ 
ΑΠΟΧΩΡΗΣΕΩΣ",4585
tlg2040-004,0009,ΜΑΞΙΜῼ ΦΙΛΟΣΟΦῼ,718
tlg2040-004,0010,ΠΡΟΣ ΕΛΕΥΘΕΡΑΝ,155
tlg2040-004,0011,"ΑΝΕΠΙΓΡΑΦΟΣ, ΕΠΙ ΦΙΛῼ",149
tlg2040-004,0012,ΟΛΥΜΠΙῼ,63
tlg2040-004,0013,ΟΛΥΜΠΙῼ,40
tlg2040-004,0014,ΓΡΗΓΟΡΙῼ ΕΤΑΙΡῼ,572
tlg2040-004,0015,"ΑΡΚΑΔΙῼ, ΚΟΜΗΤΙ ΠΡΙΒΑΤΩΝ",150
tlg2040-004,0016,ΠΡΟΣ ΕΥΝΟΜΙΟΝ ΤΟΝ ΑΙΡΕΤΙΚΟΝ,278
tlg2040-004,0017,ΩΡΙΓΕΝΕΙ,137
tlg2040-004,0018,ΜΑΚΑΡΙῼ ΚΑΙ ΙΩΑΝΝῌ,231
tlg2040-004,0019,ΓΡΗΓΟΡΙῼ ΕΤΑΙΡῼ,100
tlg2040-004,0020,ΛΕΟΝΤΙῼ ΣΟΦΙΣΤῌ,342
tlg2040-004,0021,ΛΕΟΝΤΙῼ ΣΟΦΙΣΤῌ,186
tlg2040-004,0022,ΠΕΡΙ ΤΕΛΕΙΟΤΗΤΟΣ ΒΙΟΥ ΜΟΝΑΧΩΝ,1301
tlg2040-004,0023,ΠΑΡΑΘΕΤΙΚΗ ΠΡΟΣ ΜΟΝΑΖΟΝΤΑ,366
tlg2040-004,0024,"ΑΘΑΝΑΣΙῼ, Τῼ ΠΑΤΡΙ 
ΑΘΑΝΑΣΙΟΥ ΤΟΥ ΕΠΙΣΚΟΠΟΥ",402
tlg2040-004,0025,ΑΘΑΝΑΣΙῼ ΕΠΙΣΚΟΠῼ ΑΓΚΥΡΑΣ,504
tlg2040-004,0026,ΚΑΙΣΑΡΙῼ Τῼ ΑΔΕΛΦῼ ΓΡΗΓΟΡΙΟΥ,312
tlg2040-004,0027,ΕΥΣΕΒΙῼ ΕΠΙΣΚΟΠῼ ΣΑΜΟΣΑΤΩΝ,150
tlg2040-004,0028,"Τῌ ΕΚΚΛΗΣΙᾼ ΝΕΟΚΑΙΣΑΡΕΙΑΣ 
ΠΑΡΑΜΥΘΗΤΙΚΗ",1155
tlg2040-004,0029,Τῌ ΕΚΚΛΗΣΙᾼ ΑΓΚΥΡΑΣ ΠΑΡΑΜΥΘΗΤΙΚΗ,334
tlg2040-004,0030,ΕΥΣΕΒΙῼ ΕΠΙΣΚΟΠῼ ΣΑΜΟΣΑΤΩΝ,237
tlg2040-004,0031,ΕΥΣΕΒΩΝᾼ ΕΠΙΣΚΟΠῼ,175
tlg2040-004,0032,ΣΩΦΡΟΝΙῼ ΜΑΓΙΣΤΡῼ,446
tlg2040-004,0033,ΑΒΟΥΡΓΙῼ,121
tlg2040-004,0034,ΕΥΣΕΒΙῼ ΕΠΙΣΚΟΠῼ ΣΑΜΟΣΑΤΩΝ,305
tlg2040-004,0035,"ΑΝΕΠΙΓΡΑΦΟΣ, ΥΠΕΡ ΛΕΟΝΤΙΟΥ",156
tlg2040-004,0036,ΑΝΕΠΙΓΡΑΦΟΣ ΕΠΙ ΕΠΙΚΟΥΡΙᾼ,160
tlg2040-004,0037,ΑΝΕΠΙΓΡΑΦΟΣ ΥΠΕΡ ΣΥΝΤΡΟΦΟΥ,258
tlg2040-004,0038,"ΓΡΗΓΟΡΙῼ ΑΔΕΛΦῼ ΠΕΡΙ ΔΙΑΦΟΡΑΣ 
ΟΥΣΙΑΣ ΚΑΙ ΥΠΟΣΤΑΣΕΩΣ",3266
tlg2040-004,0039,ΙΟΥΛΙΑΝΟΣ ΒΑΣΙΛΕΙῼ,246
tlg2040-004,0040,ΙΟΥΛΙΑΝΟΣ ΒΑΣΙΛΕΙῼ,248
tlg2040-004,0041,ΒΑΣΙΛΕΙΟΣ ΠΡΟΣ ΙΟΥΛΙΑΝΟΝ,416
tlg2040-004,0042,ΠΡΟΣ ΧΙΛΩΝΑ ΤΟΝ ΑΥΤΟΥ ΜΑΘΗΤΗΝ,2348
tlg2040-004,0043,ΝΟΥΘΕΣΙΑ ΠΡΟΣ ΤΟΥΣ ΝΕΟΥΣ,107
tlg2040-004,0044,ΠΡΟΣ ΜΟΝΑΧΟΝ ΕΚΠΕΣΟΝΤΑ,776
tlg2040-004,0045,ΠΡΟΣ ΜΟΝΑΖΟΝΤΑ ΕΚΠΕΣΟΝΤΑ,771
tlg2040-004,0046,ΠΡΟΣ ΠΑΡΘΕΝΟΝ ΕΚΠΕΣΟΥΣΑΝ,2397
tlg2040-004,0047,ΓΡΗΓΟΡΙῼ ΕΤΑΙΡῼ,287
tlg2040-004,0048,ΕΥΣΕΒΙῼ ΕΠΙΣΚΟΠῼ ΣΑΜΟΣΑΤΩΝ,283
tlg2040-004,0049,ΑΡΚΑΔΙῼ ΕΠΙΣΚΟΠῼ,136
tlg2040-004,0050,ΙΝΝΟΚΕΝΤΙῼ ΕΠΙΣΚΟΠῼ,198
tlg2040-004,0051,ΒΟΣΠΟΡΙῼ ΕΠΙΣΚΟΠῼ,553
tlg2040-004,0052,ΚΑΝΟΝΙΚΑΙΣ,987
tlg2040-004,0053,ΧΩΡΕΠΙΣΚΟΠΟΙΣ,404
tlg2040-004,0054,ΧΩΡΕΠΙΣΚΟΠΟΙΣ,377
tlg2040-004,0055,ΓΡΗΓΟΡΙῼ ΠΡΕΣΒΥΤΕΡῼ,337
tlg2040-004,0056,ΠΕΡΓΑΜΙῼ,294
tlg2040-004,0057,ΜΕΛΕΤΙῼ ΕΠΙΣΚΟΠῼ,254
tlg2040-004,0058,ΓΡΗΓΟΡΙῼ ΑΔΕΛΦῼ,424
tlg2040-004,0059,ΓΡΗΓΟΡΙῼ ΘΕΙῼ,723
tlg2040-004,0060,ΓΡΗΓΟΡΙῼ ΘΕΙῼ,298
tlg2040-004,0061,ΑΘΑΝΑΣΙῼ ΕΠΙΣΚΟΠῼ ΑΛΕΞΑΝΔΡΕΙΑΣ,224
tlg2040-004,0062,Τῌ ΕΚΚΛΗΣΙᾼ ΠΑΡΝΑΣΣΟΥ ΠΑΡΑΜΥΘΗΤΙΚΗ,178
tlg2040-004,0063,ΗΓΕΜΟΝΙ ΝΕΟΚΑΙΣΑΡΕΙΑΣ,242
tlg2040-004,0064,ΗΣΥΧΙῼ,120
tlg2040-004,0065,ΑΤΑΡΒΙῼ,334
tlg2040-004,0066,ΑΘΑΝΑΣΙῼ ΕΠΙΣΚΟΠῼ ΑΛΕΞΑΝΔΡΕΙΑΣ,627
tlg2040-004,0067,ΑΘΑΝΑΣΙῼ ΕΠΙΣΚΟΠῼ ΑΛΕΞΑΝΔΡΕΙΑΣ,230
tlg2040-004,0068,ΜΕΛΕΤΙῼ ΕΠΙΣΚΟΠῼ ΑΝΤΙΟΧΕΙΑΣ,254
tlg2040-004,0069,ΑΘΑΝΑΣΙῼ ΕΠΙΣΚΟΠῼ ΑΛΕΞΑΝΔΡΕΙΑΣ,770
tlg2040-004,0070,ΑΝΕΠΙΓΡΑΦΟΣ ΠΕΡΙ ΣΥΝΟΔΟΥ,438
tlg2040-004,0071,ΓΡΗΓΟΡΙῼ ΝΑΖΙΑΝΖΗΝῼ,573
tlg2040-004,0072,ΗΣΥΧΙῼ,182
tlg2040-004,0073,ΚΑΛΛΙΣΘΕΝΕΙ,602
tlg2040-004,0074,ΜΑΡΤΙΝΙΑΝῼ,1003
tlg2040-004,0075,ΑΒΟΥΡΓΙῼ,265
tlg2040-004,0076,ΣΩΦΡΟΝΙῼ ΜΑΓΙΣΤΡῼ,257
tlg2040-004,0077,ΑΝΕΠΙΓΡΑΦΟΣ ΠΕΡΙ ΘΗΡΑΣΙΟΥ,146
tlg2040-004,0078,ΑΝΕΠΙΓΡΑΦΟΣ ΥΠΕΡ ΕΛΠΙΔΙΟΥ,115
tlg2040-004,0079,ΕΥΣΤΑΘΙῼ ΕΠΙΣΚΟΠῼ ΣΕΒΑΣΤΕΙΑΣ,142
tlg2040-004,0080,ΑΘΑΝΑΣΙῼ ΕΠΙΣΚΟΠῼ ΑΛΕΞΑΝΔΡΕΙΑΣ,169
tlg2040-004,0081,ΙΝΝΟΚΕΝΤΙῼ ΕΠΙΣΚΟΠῼ,437
tlg2040-004,0082,ΑΘΑΝΑΣΙῼ ΕΠΙΣΚΟΠῼ ΑΛΕΞΑΝΔΡΕΙΑΣ,403
tlg2040-004,0083,ΚΗΝΣΙΤΟΡΙ,246
tlg2040-004,0084,ΗΓΕΜΟΝΙ,573
tlg2040-004,0085,ΠΕΡΙ ΤΟΥ ΜΗ ΔΕΙΝ ΟΡΚΟΥΝ,251
tlg2040-004,0086,Τῼ ΗΓΕΜΟΝΙ,203
tlg2040-004,0087,ΑΝΕΠΙΓΡΑΦΟΣ ΥΠΕΡ ΤΩΝ ΑΥΤΩΝ,142
tlg2040-004,0088,ΑΝΕΠΙΓΡΑΦΟΣ ΕΠΙ ΑΠΑΙΤΗΤῌ ΧΡΗΜΑΤΩΝ,174
tlg2040-004,0089,ΜΕΛΕΤΙῼ ΕΠΙΣΚΟΠῼ,313
tlg2040-004,0090,"ΤΟΙΣ ΑΓΙΩΤΑΤΟΙΣ ΑΔΕΛΦΟΙΣ ΚΑΙ 
ΕΠΙΣΚΟΠΟΙΣ ΤΟΙΣ ΕΝ Τῌ ΔΥΣΕΙ",568
tlg2040-004,0091,ΟΥΑΛΕΡΙΑΝῼ ΕΠΙΣΚΟΠῼ ΙΛΛΥΡΙΩΝ,335
tlg2040-004,0092,ΠΡΟΣ ΙΤΑΛΟΥΣ ΚΑΙ ΓΑΛΛΟΥΣ,1183
tlg2040-004,0093,"ΠΡΟΣ ΚΑΙΣΑΡΙΑΝ ΠΑΤΡΙΚΙΑΝ 
ΠΕΡΙ ΚΟΙΝΩΝΙΑΣ",272
tlg2040-004,0094,ΗΛΙᾼ ΑΡΧΟΝΤΙ ΤΗΣ ΕΠΑΡΧΙΑΣ,612
tlg2040-004,0095,ΕΥΣΕΒΙῼ ΕΠΙΣΚΟΠῼ ΣΑΜΟΣΑΤΩΝ,283
tlg2040-004,0096,ΣΩΦΡΟΝΙῼ ΜΑΓΙΣΤΡῼ,371
tlg2040-004,0097,Τῌ ΒΟΥΛῌ ΤΥΑΝΩΝ,398
tlg2040-004,0098,ΕΥΣΕΒΙῼ ΕΠΙΣΚΟΠῼ ΣΑΜΟΣΑΤΩΝ,479
tlg2040-004,0099,ΤΕΡΕΝΤΙῼ ΚΟΜΗΤΙ,1152
tlg2040-004,0100,ΕΥΣΕΒΙῼ ΕΠΙΣΚΟΠῼ ΣΑΜΟΣΑΤΩΝ,277
tlg2040-004,0101,ΠΑΡΑΜΥΘΗΤΙΚΗ,398
tlg2040-004,0102,ΤΟΙΣ ΣΑΤΑΛΕΥΣΙ ΠΟΛΙΤΑΙΣ,324
tlg2040-004,0103,ΤΟΙΣ ΣΑΤΑΛΕΥΣΙΝ,77
tlg2040-004,0104,ΜΟΔΕΣΤῼ ΕΠΑΡΧῼ,284
tlg2040-004,0105,ΔΙΑΚΟΝΟΙΣ ΘΥΓΑΤΡΑΣΙ ΤΕΡΕΝΤΙΟΥ ΚΟΜΗΤΟΣ,350
tlg2040-004,0106,ΣΤΡΑΤΙΩΤῌ,146
tlg2040-004,0107,ΙΟΥΛΙΤΤῌ ΕΛΕΥΘΕΡᾼ,195
tlg2040-004,0108,Τῼ ΚΗΔΕΜΟΝΙ ΤΩΝ ΚΛΗΡΟΝΟΜΩΝ ΙΟΥΛΙΤΤΗΣ,257
tlg2040-004,0109,ΕΛΛΑΔΙῼ ΚΟΜΗΤΙ,248
tlg2040-004,0110,ΜΟΔΕΣΤῼ ΕΠΑΡΧῼ,170
tlg2040-004,0111,ΜΟΔΕΣΤῼ ΕΠΑΡΧῼ,132
tlg2040-004,0112,ΑΝΔΡΟΝΙΚῼ ΗΓΕΜΟΝΙ,742
tlg2040-004,0113,ΤΟΙΣ ΕΝ ΤΑΡΣῼ ΠΡΕΣΒΥΤΕΡΟΙΣ,375
tlg2040-004,0114,ΤΟΙΣ ΕΝ ΤΑΡΣῼ ΠΕΡΙ ΚΥΡΙΑΚΟΝ,392
tlg2040-004,0115,ΠΡΟΣ ΣΙΜΠΛΙΚΙΑΝ ΑΙΡΕΤΙΚΗΝ,255
tlg2040-004,0116,ΦΙΡΜΙΝῼ,293
tlg2040-004,0117,ΑΝΕΠΙΓΡΑΦΟΣ ΕΠΙ ΑΣΚΗΣΕΙ,257
tlg2040-004,0118,ΙΩΒΙΝῼ ΕΠΙΣΚΟΠῼ ΠΕΡΡΗΣ,76
tlg2040-004,0119,ΕΥΣΤΑΘΙῼ ΕΠΙΣΚΟΠῼ ΣΕΒΑΣΤΕΙΑΣ,392
tlg2040-004,0120,ΜΕΛΕΤΙῼ ΕΠΙΣΚΟΠῼ ΑΝΤΙΟΧΕΙΑΣ,255
tlg2040-004,0121,ΘΕΟΔΟΤῼ ΕΠΙΣΚΟΠῼ ΝΙΚΟΠΟΛΕΩΣ,143
tlg2040-004,0122,ΠΟΙΜΕΝΙῼ ΕΠΙΣΚΟΠῼ ΣΑΤΑΛΩΝ,257
tlg2040-004,0123,ΟΥΡΒΙΚΙῼ ΜΟΝΑΖΟΝΤΙ,177
tlg2040-004,0124,ΘΕΟΔΩΡῼ,228
tlg2040-004,0125,"ΑΝΤΙΓΡΑΦΟΝ ΠΙΣΤΕΩΣ ΥΠΑΓΟΡΕΥΘΕΙΣΗΣ 
ΠΑΡΑ ΤΟΥ ΑΓΙΩΤΑΤΟΥ ΒΑΣΙΛΕΙΟΥ 
ῌ ΥΠΕΓΡΑΨΕΝ ΕΥΣΤΑΘΙΟΣ 
Ο ΣΕΒΑΣΤΕΙΑΣ ΕΠΙΣΚΟΠΟΣ",1135
tlg2040-004,0126,ΑΤΑΡΒΙῼ,291
tlg2040-004,0127,ΕΥΣΕΒΙῼ ΕΠΙΣΚΟΠῼ ΣΑΜΟΣΑΤΩΝ,173
tlg2040-004,0128,ΕΥΣΕΒΙῼ ΕΠΙΣΚΟΠῼ ΣΑΜΟΣΑΤΩΝ,571
tlg2040-004,0129,ΜΕΛΕΤΙῼ ΕΠΙΣΚΟΠῼ ΑΝΤΙΟΧΕΙΑΣ,608
tlg2040-004,0130,ΘΕΟΔΟΤῼ ΕΠΙΣΚΟΠῼ ΝΙΚΟΠΟΛΕΩΣ,498
tlg2040-004,0131,ΟΛΥΜΠΙῼ,466
tlg2040-004,0132,ΑΒΡΑΜΙῼ ΕΠΙΣΚΟΠῼ ΒΑΤΝΩΝ,120
tlg2040-004,0133,ΠΕΤΡῼ ΑΡΧΙΕΠΙΣΚΟΠῼ ΑΛΕΞΑΝΔΡΕΙΑΣ,193
tlg2040-004,0134,ΠΑΙΟΝΙῼ ΠΡΕΣΒΥΤΕΡῼ,167
tlg2040-004,0135,ΔΙΟΔΩΡῼ ΠΡΕΣΒΥΤΕΡῼ ΑΝΤΙΟΧΕΙΑΣ,516
tlg2040-004,0136,ΕΥΣΕΒΙῼ ΕΠΙΣΚΟΠῼ ΣΑΜΟΣΑΤΩΝ,443
tlg2040-004,0137,ΑΝΤΙΠΑΤΡῼ ΗΓΕΜΟΝΙ,258
tlg2040-004,0138,ΕΥΣΕΒΙῼ ΕΠΙΣΚΟΠῼ ΣΑΜΟΣΑΤΩΝ,593
tlg2040-004,0139,ΑΛΕΞΑΝΔΡΕΥΣΙΝ,654
tlg2040-004,0140,ΠΡΟΣ ΤΗΝ ΑΝΤΙΟΧΕΩΝ ΕΚΚΛΗΣΙΑΝ,669
tlg2040-004,0141,ΕΥΣΕΒΙῼ ΕΠΙΣΚΟΠῼ ΣΑΜΟΣΑΤΩΝ,444
tlg2040-004,0142,ΝΟΥΜΕΡΑΡΙῼ ΕΠΑΡΧΩΝ,124
tlg2040-004,0143,ΕΤΕΡῼ ΝΟΥΜΕΡΑΡΙῼ,172
tlg2040-004,0144,ΤΡΑΚΤΕΥΤῌ ΤΩΝ ΕΠΑΡΧΩΝ,72
tlg2040-004,0145,ΕΥΣΕΒΙῼ ΕΠΙΣΚΟΠῼ ΣΑΜΟΣΑΤΩΝ,212
tlg2040-004,0146,ΑΝΤΙΟΧῼ,144
tlg2040-004,0147,ΑΒΟΥΡΓΙῼ,194
tlg2040-004,0148,ΤΡΑΙΑΝῼ,296
tlg2040-004,0149,ΤΡΑΙΑΝῼ,220
tlg2040-004,0150,ΑΜΦΙΛΟΧΙῼ ΩΣ ΠΑΡΑ ΗΡΑΚΛΕΙΔΟΥ,1116
tlg2040-004,0151,ΕΥΣΤΑΘΙῼ ΑΡΧΙΑΤΡῼ,252
tlg2040-004,0152,ΟΥΙΚΤΟΡΙ ΣΤΡΑΤΗΛΑΤῌ,183
tlg2040-004,0153,ΒΙΚΤΟΡΙ ΑΠΟ ΥΠΑΤΩΝ,79
tlg2040-004,0154,ΑΣΧΟΛΙῼ ΜΟΝΑΖΟΝΤΙ ΚΑΙ ΠΡΕΣΒΥΤΕΡῼ,356
tlg2040-004,0155,ΑΝΕΠΙΓΡΑΦΟΣ ΕΠΙ ΑΛΕΙΠΤῌ,368
tlg2040-004,0156,ΕΥΑΓΡΙῼ ΠΡΕΣΒΥΤΕΡῼ,681
tlg2040-004,0157,ΑΝΤΙΟΧῼ,116
tlg2040-004,0158,ΑΝΤΙΟΧῼ,82
tlg2040-004,0159,ΕΥΠΑΤΕΡΙῼ ΚΑΙ Τῌ ΘΥΓΑΤΡΙ,559
tlg2040-004,0160,ΔΙΟΔΩΡῼ,1193
tlg2040-004,0161,"ΑΜΦΙΛΟΧΙῼ ΧΕΙΡΟΤΟΝΗΘΕΝΤΙ ΕΠΙΣΚΟΠῼ 
ΤΟΥ ΙΚΟΝΙΟΥ",541
tlg2040-004,0162,ΕΥΣΕΒΙῼ ΕΠΙΣΚΟΠῼ ΣΑΜΟΣΑΤΩΝ,263
tlg2040-004,0163,ΙΟΒΙΝῼ ΚΟΜΗΤΙ,201
tlg2040-004,0164,ΑΣΧΟΛΙῼ ΕΠΙΣΚΟΠῼ ΘΕΣΣΑΛΟΝΙΚΗΣ,606
tlg2040-004,0165,ΑΣΧΟΛΙῼ ΕΠΙΣΚΟΠῼ ΘΕΣΣΑΛΟΝΙΚΗΣ,328
tlg2040-004,0166,ΕΥΣΕΒΙῼ ΕΠΙΣΚΟΠῼ ΣΑΜΟΣΑΤΩΝ,253
tlg2040-004,0167,ΕΥΣΕΒΙῼ ΕΠΙΣΚΟΠῼ ΣΑΜΟΣΑΤΩΝ,127
tlg2040-004,0168,"ΑΝΤΙΟΧῼ ΠΡΕΣΒΥΤΕΡῼ ΑΔΕΛΦΙΔῼ 
ΣΥΝΟΝΤΙ ΕΝ Τῌ ΕΞΟΡΙᾼ",196
tlg2040-004,0169,ΓΡΗΓΟΡΙῼ ΒΑΣΙΛΕΙΟΣ,482
tlg2040-004,0170,ΓΛΥΚΕΡΙῼ,109
tlg2040-004,0171,ΓΡΗΓΟΡΙῼ ΕΤΑΙΡῼ,87
tlg2040-004,0172,ΣΩΦΡΟΝΙῼ ΕΠΙΣΚΟΠῼ,259
tlg2040-004,0173,ΠΡΟΣ ΘΕΟΔΩΡΑΝ ΚΑΝΟΝΙΚΗΝ,358
tlg2040-004,0174,ΠΡΟΣ ΕΛΕΥΘΕΡΑΝ,354
tlg2040-004,0175,ΜΑΓΝΗΝΙΑΝῼ ΚΟΜΗΤΙ,193
tlg2040-004,0176,ΑΜΦΙΛΟΧΙῼ ΕΠΙΣΚΟΠῼ ΙΚΟΝΙΟΥ,213
tlg2040-004,0177,ΣΩΦΡΟΝΙῼ ΜΑΓΙΣΤΡῼ,130
tlg2040-004,0178,ΑΒΟΥΡΓΙῼ,144
tlg2040-004,0179,ΑΡΙΝΘΑΙῼ,120
tlg2040-004,0180,ΣΩΦΡΟΝΙῼ ΜΑΓΙΣΤΡῼ ΕΥΜΑΘΙΟΥ ΕΝΕΚΕΝ,160
tlg2040-004,0181,ΟΤΡΗΙῼ ΕΠΙΣΚΟΠῼ ΜΕΛΙΤΙΝΗΣ,137
tlg2040-004,0182,ΠΑΥΛΙΝῼ ΠΡΕΣΒΥΤΕΡῼ,56
tlg2040-004,0183,ΠΟΛΙΤΕΥΟΜΕΝΟΙΣ ΣΑΜΟΣΑΤΩΝ,217
tlg2040-004,0184,ΕΥΣΤΑΘΙῼ ΕΠΙΣΚΟΠῼ ΙΜΜΕΡΙΑΣ,137
tlg2040-004,0185,ΘΕΟΔΟΤῼ ΕΠΙΣΚΟΠῼ ΒΕΡΟΙΑΣ,146
tlg2040-004,0186,ΑΝΤΙΠΑΤΡῼ ΗΓΕΜΟΝΙ,124
tlg2040-004,0187,ΑΝΤΙΠΑΤΡΟΣ ΒΑΣΙΛΕΙῼ,41
tlg2040-004,0188,ΑΜΦΙΛΟΧΙῼ ΠΕΡΙ ΚΑΝΟΝΩΝ,2935
tlg2040-004,0189,ΕΥΣΤΑΘΙῼ ΑΡΧΙΑΤΡῼ,2470
tlg2040-004,0190,ΑΜΦΙΛΟΧΙῼ ΕΠΙΣΚΟΠῼ ΙΚΟΝΙΟΥ,705
tlg2040-004,0191,ΑΜΦΙΛΟΧΙῼ ΕΠΙΣΚΟΠῼ ΙΚΟΝΙΟΥ,360
tlg2040-004,0192,ΣΩΦΡΟΝΙῼ ΜΑΓΙΣΤΡῼ,113
tlg2040-004,0193,ΜΕΛΕΤΙῼ ΑΡΧΙΑΤΡῼ,206
tlg2040-004,0194,ΖΩΙΛῼ,197
tlg2040-004,0195,ΕΥΦΡΟΝΙῼ ΕΠΙΣΚΟΠῼ ΚΟΛΩΝΕΙΑΣ ΑΡΜΕΝΙΑΣ,156
tlg2040-004,0196,ΑΒΟΥΡΓΙῼ,87
tlg2040-004,0197,ΑΜΒΡΟΣΙῼ ΕΠΙΣΚΟΠῼ ΜΕΔΙΟΛΑΝΟΥ,749
tlg2040-004,0198,ΕΥΣΕΒΙῼ ΕΠΙΣΚΟΠῼ ΣΑΜΟΣΑΤΩΝ,435
tlg2040-004,0199,ΑΜΦΙΛΟΧΙῼ ΠΕΡΙ ΚΑΝΟΝΩΝ,2525
tlg2040-004,0200,ΑΜΦΙΛΟΧΙῼ ΕΠΙΣΚΟΠῼ ΙΚΟΝΙΟΥ,394
tlg2040-004,0201,ΑΜΦΙΛΟΧΙῼ ΕΠΙΣΚΟΠῼ ΙΚΟΝΙΟΥ,72
tlg2040-004,0202,ΑΜΦΙΛΟΧΙῼ ΕΠΙΣΚΟΠῼ ΙΚΟΝΙΟΥ,142
tlg2040-004,0203,ΤΟΙΣ ΠΑΡΑΛΙΩΤΑΙΣ ΕΠΙΣΚΟΠΟΙΣ,1338
tlg2040-004,0204,ΤΟΙΣ ΝΕΟΚΑΙΣΑΡΕΥΣΙΝ,2233
tlg2040-004,0205,ΕΛΠΙΔΙῼ ΕΠΙΣΚΟΠῼ,257
tlg2040-004,0206,ΕΛΠΙΔΙῼ ΕΠΙΣΚΟΠῼ ΠΑΡΑΜΥΘΗΤΙΚΗ,353
tlg2040-004,0207,ΤΟΙΣ ΚΑΤΑ ΝΕΟΚΑΙΣΑΡΕΙΑΝ ΚΛΗΡΙΚΟΙΣ,1215
tlg2040-004,0208,ΕΥΛΑΓΚΙῼ,116
tlg2040-004,0209,ΑΝΕΠΙΓΡΑΦΟΣ ΕΠΙ ΑΠΟΛΟΓΙᾼ,118
tlg2040-004,0210,ΤΟΙΣ ΚΑΤΑ ΝΕΟΚΑΙΣΑΡΕΙΑΝ ΛΟΓΙΩΤΑΤΟΙΣ,2032
tlg2040-004,0211,ΟΛΥΜΠΙῼ,88
tlg2040-004,0212,ΙΛΑΡΙῼ,554
tlg2040-004,0213,ΑΝΕΠΙΓΡΑΦΟΣ ΕΠΙ ΑΝΔΡΙ ΕΥΣΕΒΕΙ,384
tlg2040-004,0214,ΠΡΟΣ ΤΕΡΕΝΤΙΟΝ ΚΟΜΗΤΑ,1039
tlg2040-004,0215,ΔΩΡΟΘΕῼ ΠΡΕΣΒΥΤΕΡῼ,208
tlg2040-004,0216,ΜΕΛΕΤΙῼ ΕΠΙΣΚΟΠῼ ΑΝΤΙΟΧΕΙΑΣ,225
tlg2040-004,0217,ΑΜΦΙΛΟΧΙῼ ΠΕΡΙ ΚΑΝΟΝΩΝ,2026
tlg2040-004,0218,ΑΜΦΙΛΟΧΙῼ ΕΠΙΣΚΟΠῼ ΙΚΟΝΙΟΥ,306
tlg2040-004,0219,Τῼ ΣΑΜΟΣΑΤΩΝ ΚΛΗΡῼ,498
tlg2040-004,0220,ΠΡΟΣ ΤΟΥΣ ΕΝ ΒΕΡΟΙᾼ,411
tlg2040-004,0221,ΠΡΟΣ ΤΟΥΣ ΕΝ ΒΕΡΟΙᾼ,215
tlg2040-004,0222,ΠΡΟΣ ΧΑΛΚΙΔΕΑΣ,487
tlg2040-004,0223,ΠΡΟΣ ΕΥΣΤΑΘΙΟΝ ΤΟΝ ΣΕΒΑΣΤΗΝΟΝ,2346
tlg2040-004,0224,ΓΕΝΕΘΛΙῼ ΠΡΕΣΒΥΤΕΡῼ,819
tlg2040-004,0225,ΔΗΜΟΣΘΕΝΕΙ ΩΣ ΑΠΟ ΚΟΙΝΟΥ,452
tlg2040-004,0226,ΤΟΙΣ ΥΦ’ ΕΑΥΤΟΝ ΑΣΚΗΤΑΙΣ,1606
tlg2040-004,0227,ΠΡΟΣ ΤΟΥΣ ΕΝ ΚΟΛΩΝΙᾼ ΚΛΗΡΙΚΟΥΣ,595
tlg2040-004,0228,ΠΟΛΙΤΕΥΟΜΕΝΟΙΣ ΚΟΛΩΝΕΙΑΣ,303
tlg2040-004,0229,ΠΡΟΣ ΤΟΥΣ ΚΛΗΡΙΚΟΥΣ ΝΙΚΟΠΟΛΕΩΣ,356
tlg2040-004,0230,ΠΟΛΙΤΕΥΟΜΕΝΟΙΣ ΝΙΚΟΠΟΛΕΩΣ,246
tlg2040-004,0231,ΑΜΦΙΛΟΧΙῼ ΕΠΙΣΚΟΠῼ ΙΚΟΝΙΟΥ,396
tlg2040-004,0232,ΑΜΦΙΛΟΧΙῼ ΕΠΙΣΚΟΠῼ ΙΚΟΝΙΟΥ,221
tlg2040-004,0233,ΑΜΦΙΛΟΧΙῼ ΕΠΙΣΚΟΠῼ ΕΡΩΤΗΣΑΝΤΙ,599
tlg2040-004,0234,Τῼ ΑΥΤῼ ΠΡΟΣ ΑΛΛΟ ΕΡΩΤΗΜΑ,649
tlg2040-004,0235,Τῼ ΑΥΤῼ ΠΡΟΣ ΑΛΛΟ ΕΡΩΤΗΜΑ,882
tlg2040-004,0236,ΑΜΦΙΛΟΧΙῼ ΕΠΙΣΚΟΠῼ,2081
tlg2040-004,0237,ΕΥΣΕΒΙῼ ΕΠΙΣΚΟΠῼ ΣΑΜΟΣΑΤΩΝ,530
tlg2040-004,0238,ΝΙΚΟΠΟΛΙΤΑΙΣ ΠΡΕΣΒΥΤΕΡΟΙΣ,309
tlg2040-004,0239,ΕΥΣΕΒΙῼ ΕΠΙΣΚΟΠῼ ΣΑΜΟΣΑΤΩΝ,580
tlg2040-004,0240,ΝΙΚΟΠΟΛΙΤΑΙΣ ΠΡΕΣΒΥΤΕΡΟΙΣ,717
tlg2040-004,0241,ΕΥΣΕΒΙῼ ΕΠΙΣΚΟΠῼ ΣΑΜΟΣΑΤΩΝ,107
tlg2040-004,0242,ΤΟΙΣ ΔΥΤΙΚΟΙΣ,585
tlg2040-004,0243,"ΠΡΟΣ ΙΤΑΛΟΥΣ ΚΑΙ ΓΑΛΛΟΥΣ ΕΠΙΣΚΟΠΟΥΣ 
ΠΕΡΙ ΤΗΣ ΚΑΤΑΣΤΑΣΕΩΣ 
ΚΑΙ ΣΥΓΧΥΣΕΩΣ ΤΩΝ ΕΚΚΛΗΣΙΩΝ",1383
tlg2040-004,0244,"ΠΑΤΡΟΦΙΛῼ ΕΠΙΣΚΟΠῼ 
ΤΗΣ ΕΝ ΑΙΓΕΑΙΣ ΕΚΚΛΗΣΙΑΣ",2533
tlg2040-004,0245,ΘΕΟΦΙΛῼ ΕΠΙΣΚΟΠῼ,230
tlg2040-004,0246,ΝΙΚΟΠΟΛΙΤΑΙΣ,103
tlg2040-004,0247,ΝΙΚΟΠΟΛΙΤΑΙΣ,176
tlg2040-004,0248,ΑΜΦΙΛΟΧΙῼ ΕΠΙΣΚΟΠῼ ΙΚΟΝΙΟΥ,250
tlg2040-004,0249,ΑΝΕΠΙΓΡΑΦΟΣ ΕΠΙ ΑΝΔΡΙ ΕΥΛΑΒΕΙ,75
tlg2040-004,0250,ΠΑΤΡΟΦΙΛῼ ΕΠΙΣΚΟΠῼ ΑΙΓΩΝ,355
tlg2040-004,0251,ΕΥΑΙΣΗΝΟΙΣ,964
tlg2040-004,0252,ΕΠΙΣΚΟΠΟΙΣ ΤΗΣ ΠΟΝΤΙΚΗΣ ΔΙΟΙΚΗΣΕΩΣ,155
tlg2040-004,0253,ΤΟΙΣ ΠΡΕΣΒΥΤΕΡΟΙΣ ΑΝΤΙΟΧΕΙΑΣ,139
tlg2040-004,0254,ΠΕΛΑΓΙῼ ΕΠΙΣΚΟΠῼ ΛΑΟΔΙΚΕΙΑΣ ΣΥΡΙΑΣ,175
tlg2040-004,0255,ΒΙΤῼ ΕΠΙΣΚΟΠῼ ΚΑΡΡΩΝ,164
tlg2040-004,0256,"ΤΟΙΣ ΠΟΘΕΙΝΟΤΑΤΟΙΣ ΚΑΙ ΕΥΛΑΒΕΣΤΑΤΟΙΣ 
ΑΔΕΛΦΟΙΣ ΣΥΜΠΡΕΣΒΥΤΕΡΟΙΣ ΑΚΑΚΙῼ 
ΑΕΤΙῼ ΠΑΥΛῼ ΚΑΙ ΣΙΛΟΥΑΝῼ ΚΑΙ ΣΙΛΟΥΙΝῼ 
ΚΑΙ ΛΟΥΚΙῼ ΔΙΑΚΟΝΟΙΣ ΚΑΙ ΛΟΙΠΟΙΣ 
ΜΟΝΑΖΟΥΣΙΝ ΑΔΕΛΦΟΙΣ ΒΑΣΙΛΕΙΟΣ 
ΕΠΙΣΚΟΠΟΣ",387
tlg2040-004,0257,"ΠΡΟΣ ΤΟΥΣ ΜΟΝΑΖΟΝΤΑΣ 
ΚΑΤΑΠΟΝΗΘΕΝΤΑΣ ΥΠΟ ΤΩΝ ΑΡΕΙΑΝΩΝ",491
tlg2040-004,0258,ΕΠΙΦΑΝΙῼ ΕΠΙΣΚΟΠῼ,984
tlg2040-004,0259,ΠΑΛΛΑΔΙῼ ΚΑΙ ΙΝΝΟΚΕΝΤΙῼ ΜΟΝΑΖΟΥΣΙΝ,145
tlg2040-004,0260,ΟΠΤΙΜῼ ΕΠΙΣΚΟΠῼ,2497
tlg2040-004,0261,ΤΟΙΣ ΕΝ ΣΩΖΟΠΟΛΕΙ,855
tlg2040-004,0262,ΟΥΡΒΙΚΙῼ ΜΟΝΑΖΟΝΤΙ,406
tlg2040-004,0263,ΤΟΙΣ ΔΥΤΙΚΟΙΣ,1193
tlg2040-004,0264,"ΒΑΡΣῌ ΕΠΙΣΚΟΠῼ ΕΔΕΣΣΗΣ 
ΕΝ ΕΞΟΡΙᾼ ΟΝΤΙ",246
tlg2040-004,0265,"ΕΥΛΟΓΙῼ ΑΛΕΞΑΝΔΡῼ ΑΔΕΛΦΟΚΡΑΤΙΩΝΙ 
ΕΠΙΣΚΟΠΟΙΣ ΑΙΓΥΠΤΙΟΙΣ ΕΞΟΡΙΣΘΕΙΣΙΝ",1281
tlg2040-004,0266,ΠΕΤΡῼ ΕΠΙΣΚΟΠῼ ΑΛΕΞΑΝΔΡΕΙΑΣ,696
tlg2040-004,0267,"ΒΑΡΣῌ ΕΠΙΣΚΟΠῼ ΕΔΕΣΣΗΣ 
ΕΝ ΕΞΟΡΙᾼ ΟΝΤΙ",322
tlg2040-004,0268,ΕΥΣΕΒΙῼ ΕΝ ΕΞΟΡΙᾼ ΟΝΤΙ,291
tlg2040-004,0269,"ΠΡΟΣ ΤΗΝ ΟΜΟΖΥΓΟΝ 
ΑΡΙΝΘΑΙΟΥ ΠΑΡΑΜΥΘΗΤΙΚΗ",614
tlg2040-004,0270,ΑΝΕΠΙΓΡΑΦΟΣ ΥΠΕΡ ΑΡΠΑΓΗΣ,172
tlg2040-004,0271,"ΕΥΣΕΒΙῼ ΕΤΑΙΡῼ ΣΥΣΤΑΤΙΚΗ ΕΠΙ 
ΚΥΡΙΑΚῼ ΠΡΕΣΒΥΤΕΡῼ",318
tlg2040-004,0272,ΣΩΦΡΟΝΙῼ ΜΑΓΙΣΤΡῼ,580
tlg2040-004,0273,ΑΝΕΠΙΓΡΑΦΟΣ ΠΕΡΙ ΗΡΑ,98
tlg2040-004,0274,ΗΜΕΡΙῼ ΜΑΓΙΣΤΡῼ,143
tlg2040-004,0275,ΑΝΕΠΙΓΡΑΦΟΣ ΠΕΡΙ ΗΡΑ,124
tlg2040-004,0276,ΑΡΜΑΤΙῼ Τῼ ΜΕΓΑΛῼ,249
tlg2040-004,0277,ΜΑΞΙΜῼ ΣΧΟΛΑΣΤΙΚῼ,360
tlg2040-004,0278,ΟΥΑΛΕΡΙΑΝῼ,125
tlg2040-004,0279,ΜΟΔΕΣΤῼ ΕΠΑΡΧῼ,202
tlg2040-004,0280,ΜΟΔΕΣΤῼ ΕΠΑΡΧῼ,146
tlg2040-004,0281,ΜΟΔΕΣΤῼ ΕΠΑΡΧῼ,118
tlg2040-004,0282,ΠΡΟΣ ΕΠΙΣΚΟΠΟΝ,108
tlg2040-004,0283,ΠΡΟΣ ΕΛΕΥΘΕΡΑΝ,147
tlg2040-004,0284,ΠΕΡΙ ΜΟΝΑΖΟΝΤΩΝ Τῼ ΚΗΝΣΙΤΟΡΙ,156
tlg2040-004,0285,"ΑΝΕΠΙΓΡΑΦΟΣ ΕΠΙ Τῌ ΤΗΣ ΕΚΚΛΗΣΙΑΣ 
ΠΡΟΣΤΑΣΙᾼ",105
tlg2040-004,0286,ΚΟΜΕΝΤΑΡΗΣΙῼ,194
tlg2040-004,0287,ΑΝΕΠΙΓΡΑΦΟΣ ΕΠΙ ΕΚΔΙΚΗΤΑΙΣ,150
tlg2040-004,0288,ΑΝΕΠΙΓΡΑΦΟΣ ΕΠΙ ΕΚΔΙΚΗΤΑΙΣ,139
tlg2040-004,0289,"ΑΝΕΠΙΓΡΑΦΟΣ ΠΕΡΙ ΓΥΝΑΙΚΟΣ 
ΚΑΤΑΠΟΝΟΥΜΕΝΗΣ",543
tlg2040-004,0290,ΝΕΚΤΑΡΙῼ,403
tlg2040-004,0291,ΤΙΜΟΘΕῼ ΧΩΡΕΠΙΣΚΟΠῼ,452
tlg2040-004,0292,ΠΑΛΛΑΔΙῼ,217
tlg2040-004,0293,ΙΟΥΛΙΑΝῼ,278
tlg2040-004,0294,ΦΗΣΤῼ ΚΑΙ ΜΑΓΝῼ,319
tlg2040-004,0295,ΜΟΝΑΖΟΥΣΙ,292
tlg2040-004,0296,ΕΛΕΥΘΕΡᾼ,174
tlg2040-004,0297,ΕΛΕΥΘΕΡᾼ,159
tlg2040-004,0298,ΑΝΕΠΙΓΡΑΦΟΣ ΕΠΙ ΑΝΔΡΙ ΕΥΛΑΒΕΙ,146
tlg2040-004,0299,ΚΗΝΣΙΤΟΡΙ,274
tlg2040-004,0300,ΠΑΤΡΙ ΣΧΟΛΑΣΤΙΚΟΥ ΠΑΡΑΜΥΘΗΤΙΚΗ,564
tlg2040-004,0301,ΠΑΡΑΜΥΘΗΤΙΚΗ,552
tlg2040-004,0302,"ΠΡΟΣ ΤΗΝ ΟΜΟΖΥΓΟΝ ΒΡΙΣΩΝΟΣ 
ΠΑΡΑΜΥΘΗΤΙΚΗ",530
tlg2040-004,0303,ΚΟΜΗΤΙ ΠΡΙΒΑΤΩΝ,67
tlg2040-004,0304,ΑΒΟΥΡΓΙῼ,33
tlg2040-004,0305,ΑΝΕΠΙΓΡΑΦΟΣ ΕΠΙ ΕΝΑΡΕΤΟΙΣ ΑΝΔΡΑΣΙΝ,178
tlg2040-004,0306,ΗΓΕΜΟΝΙ ΣΕΒΑΣΤΕΙΑΣ,196
tlg2040-004,0307,ΑΝΕΠΙΓΡΑΦΟΣ,222
tlg2040-004,0308,ΑΝΕΠΙΓΡΑΦΟΣ ΕΠΙ ΠΡΟΣΤΑΣΙᾼ,106
tlg2040-004,0309,ΑΝΕΠΙΓΡΑΦΟΣ ΕΠΙ ΕΝΔΕΕΙ,174
tlg2040-004,0310,ΑΝΕΠΙΓΡΑΦΟΣ ΥΠΕΡ ΣΥΓΓΕΝΩΝ,106
tlg2040-004,0311,ΠΡΩΤΕΥΟΝΤΙ,103
tlg2040-004,0312,ΚΗΝΣΙΤΟΡΙ,40
tlg2040-004,0313,ΚΗΝΣΙΤΟΡΙ,302
tlg2040-004,0314,ΑΝΕΠΙΓΡΑΦΟΣ ΕΠΙ ΙΚΕΤῌ,148
tlg2040-004,0315,ΑΝΕΠΙΓΡΑΦΟΣ ΥΠΕΡ ΣΥΓΓΕΝΟΥΣ,91
tlg2040-004,0316,ΑΝΕΠΙΓΡΑΦΟΣ ΥΠΕΡ ΚΑΤΑΠΟΝΟΥΜΕΝΟΥ,109
tlg2040-004,0317,ΑΝΕΠΙΓΡΑΦΟΣ ΥΠΕΡ ΕΝΔΕΟΥΣ,142
tlg2040-004,0318,ΑΝΕΠΙΓΡΑΦΟΣ ΥΠΕΡ ΠΑΤΡΕΩΤΟΥ,114
tlg2040-004,0319,ΑΝΕΠΙΓΡΑΦΟΣ ΥΠΕΡ ΞΕΝΟΥ,101
tlg2040-004,0320,ΑΝΕΠΙΓΡΑΦΟΣ ΕΠΙ ΠΡΟΣΗΓΟΡΙᾼ,226
tlg2040-004,0321,ΘΕΚΛῌ,131
tlg2040-004,0322,ΑΝΕΠΙΓΡΑΦΟΣ ΕΠΙ ΦΙΛῼ ΣΥΜΠΑΣΧΑΣΑΙ,201
tlg2040-004,0323,ΦΙΛΑΓΡΙῼ ΑΡΚΗΝῼ,234
tlg2040-004,0324,ΠΑΣΙΝΙΚῼ ΙΑΤΡῼ,187
tlg2040-004,0325,ΜΑΓΝΙΝΙΑΝῼ,113
tlg2040-004,0326,ΑΝΕΠΙΓΡΑΦΟΣ ΕΠΙ ΝΟΥΘΕΣΙᾼ,111
tlg2040-004,0327,ΑΝΕΠΙΓΡΑΦΟΣ ΕΠΙ ΠΑΡΑΚΛΗΣΕΙ,115
tlg2040-004,0328,ΥΠΕΡΕΧΙῼ,49
tlg2040-004,0329,ΦΑΛΕΡΙῼ,54
tlg2040-004,0330,ΑΝΕΠΙΓΡΑΦΟΣ,33
tlg2040-004,0331,ΑΝΕΠΙΓΡΑΦΟΣ,77
tlg2040-004,0332,ΑΛΛΗ ΑΝΕΠΙΓΡΑΦΟΣ,36
tlg2040-004,0333,ΝΟΤΑΡΙῼ,57
tlg2040-004,0334,ΠΡΟΣ ΚΑΛΛΙΓΡΑΦΟΝ,161
tlg2040-004,0335,ΒΑΣΙΛΕΙΟΣ ΛΙΒΑΝΙῼ,132
tlg2040-004,0336,ΛΙΒΑΝΙΟΣ ΒΑΣΙΛΕΙῼ,449
tlg2040-004,0337,ΒΑΣΙΛΕΙΟΣ ΛΙΒΑΝΙῼ,161
tlg2040-004,0338,ΛΙΒΑΝΙΟΣ ΒΑΣΙΛΕΙῼ,247
tlg2040-004,0339,ΒΑΣΙΛΕΙΟΣ ΛΙΒΑΝΙῼ,295
tlg2040-004,0340,ΛΙΒΑΝΙΟΣ ΒΑΣΙΛΕΙῼ,266
tlg2040-004,0341,ΛΙΒΑΝΙΟΣ ΒΑΣΙΛΕΙῼ,83
tlg2040-004,0342,ΒΑΣΙΛΕΙΟΣ ΛΙΒΑΝΙῼ,117
tlg2040-004,0343,ΛΙΒΑΝΙΟΣ ΒΑΣΙΛΕΙῼ,41
tlg2040-004,0344,ΒΑΣΙΛΕΙΟΣ ΛΙΒΑΝΙῼ,103
tlg2040-004,0345,ΛΙΒΑΝΙΟΣ ΒΑΣΙΛΕΙῼ,320
tlg2040-004,0346,ΛΙΒΑΝΙΟΣ ΒΑΣΙΛΕΙῼ,99
tlg2040-004,0347,ΛΙΒΑΝΙΟΣ ΒΑΣΙΛΕΙῼ,66
tlg2040-004,0348,ΒΑΣΙΛΕΙΟΣ ΛΙΒΑΝΙῼ,128
tlg2040-004,0349,ΛΙΒΑΝΙΟΣ ΒΑΣΙΛΕΙῼ,81
tlg2040-004,0350,ΒΑΣΙΛΕΙΟΣ ΛΙΒΑΝΙῼ,111
tlg2040-004,0351,ΒΑΣΙΛΕΙΟΣ ΛΙΒΑΝΙῼ,146
tlg2040-004,0352,ΛΙΒΑΝΙΟΣ ΒΑΣΙΛΕΙῼ,72
tlg2040-004,0353,ΒΑΣΙΛΕΙΟΣ ΛΙΒΑΝΙῼ,69
tlg2040-004,0354,ΛΙΒΑΝΙΟΣ ΒΑΣΙΛΕΙῼ,74
tlg2040-004,0355,ΛΙΒΑΝΙΟΣ ΒΑΣΙΛΕΙῼ,83
tlg2040-004,0356,ΒΑΣΙΛΕΙΟΣ ΛΙΒΑΝΙῼ,39
tlg2040-004,0357,ΛΙΒΑΝΙΟΣ ΒΑΣΙΛΕΙῼ,56
tlg2040-004,0358,ΛΙΒΑΝΙΟΣ ΒΑΣΙΛΕΙῼ,79
tlg2040-004,0359,ΒΑΣΙΛΕΙΟΣ ΛΙΒΑΝΙῼ,111
tlg2040-004,0360,"ΕΚ ΤΗΣ ΕΠΙΣΤΟΛΗΣ ΑΥΤΟΥ ΠΡΟΣ 
ΙΟΥΛΙΑΝΟΝ ΤΟΝ ΠΑΡΑΒΑΤΗΝ",149
tlg2040-004,0361,ΑΠΟΛΙΝΑΡΙῼ,417
tlg2040-004,0362,ΒΑΣΙΛΕΙῼ ΑΠΟΛΙΝΑΡΙΟΣ,587
tlg2040-004,0363,ΑΠΟΛΙΝΑΡΙῼ,155
tlg2040-004,0364,ΒΑΣΙΛΕΙῼ ΑΠΟΛΙΝΑΡΙΟΣ,364
tlg2040-004,0365,ΒΑΣΙΛΕΙΟΣ Τῼ ΜΕΓΑΛῼ ΒΑΣΙΛΕΙ ΘΕΟΔΟΣΙῼ,360
tlg2040-004,0366,"ΒΑΣΙΛΕΙΟΣ ΠΡΟΣ ΟΥΡΒΙΚΙΟΝ 
ΜΟΝΑΖΟΝΤΑ ΠΕΡΙ ΕΓΚΡΑΤΕΙΑΣ",457
tlg2022-001,0001,ΒΑΣΙΛΕΙΩΙ,104
tlg2022-001,0002,ΤΩΙ ΑΥΤΩΙ,128
tlg2022-001,0003,ΕΥΑΓΡΙΩΙ,126
tlg2022-001,0004,ΒΑΣΙΛΕΙΩΙ,557
tlg2022-001,0005,ΤΩΙ ΑΥΤΩΙ,287
tlg2022-001,0006,ΤΩΙ ΑΥΤΩΙ,279
tlg2022-001,0007,ΚΑΙΣΑΡΙΩΙ,490
tlg2022-001,0008,ΒΑΣΙΛΕΙΩΙ,125
tlg2022-001,0009,ΑΜΦΙΛΟΧΙΩΙ,172
tlg2022-001,0010,ΚΑΝΔΙΔΙΑΝΩΙ,806
tlg2022-001,0011,ΓΡΗΓΟΡΙΩΙ,480
tlg2022-001,0012,ΝΙΚΟΒΟΥΛΩΙ,205
tlg2022-001,0013,ΑΜΦΙΛΟΧΙΩΙ,152
tlg2022-001,0014,ΚΑΙΣΑΡΙΩΙ,251
tlg2022-001,0015,ΛΟΛΛΙΑΝΩΙ,180
tlg2022-001,0016,ΕΥΣΕΒΙΩΙ ΚΑΙΣΑΡΕΙΑΣ,345
tlg2022-001,0017,ΤΩΙ ΑΥΤΩΙ,108
tlg2022-001,0018,ΤΩΙ ΑΥΤΩΙ,127
tlg2022-001,0019,ΒΑΣΙΛΕΙΩΙ,209
tlg2022-001,0020,ΚΑΙΣΑΡΙΩΙ,252
tlg2022-001,0021,ΣΩΦΡΟΝΙΩΙ,168
tlg2022-001,0022,ΤΩΙ ΑΥΤΩΙ,187
tlg2022-001,0023,ΚΑΙΣΑΡΙΩΙ,170
tlg2022-001,0024,ΘΕΜΙΣΤΙΩΙ,191
tlg2022-001,0025,ΑΜΦΙΛΟΧΙΩΙ,91
tlg2022-001,0026,ΤΩΙ ΑΥΤΩΙ,103
tlg2022-001,0027,ΤΩΙ ΑΥΤΩΙ,47
tlg2022-001,0028,ΤΩΙ ΑΥΤΩΙ,71
tlg2022-001,0029,ΣΩΦΡΟΝΙΩΙ,439
tlg2022-001,0030,ΦΙΛΑΓΡΙΩΙ,169
tlg2022-001,0031,ΤΩΙ ΑΥΤΩΙ,294
tlg2022-001,0032,ΤΩΙ ΑΥΤΩΙ,601
tlg2022-001,0033,ΤΩΙ ΑΥΤΩΙ,236
tlg2022-001,0034,ΤΩΙ ΑΥΤΩΙ,281
tlg2022-001,0035,ΤΩΙ ΑΥΤΩΙ,55
tlg2022-001,0036,ΤΩΙ ΑΥΤΩΙ,71
tlg2022-001,0037,ΣΩΦΡΟΝΙΩΙ,142
tlg2022-001,0038,ΘΕΜΙΣΤΙΩΙ,181
tlg2022-001,0039,ΣΩΦΡΟΝΙΩΙ,181
tlg2022-001,0040,ΒΑΣΙΛΕΙΩΙ,299
tlg2022-001,0041,ΤΗΙ ΕΚΚΛΗΣΙΑΙ ΚΑΙΣΑΡΕΩΝ,507
tlg2022-001,0042,〈ΕΥΣΕΒΙΩΙ ΣΑΜΟΣΑΤΩΝ〉,294
tlg2022-001,0043,ΤΟΙΣ ΕΠΙΣΚΟΠΟΙΣ,224
tlg2022-001,0044,ΕΥΣΕΒΙΩΙ ΣΑΜΟΣΑΤΩΝ,349
tlg2022-001,0045,ΒΑΣΙΛΕΙΩΙ,149
tlg2022-001,0046,ΤΩΙ ΑΥΤΩΙ,229
tlg2022-001,0047,ΤΩΙ ΑΥΤΩΙ,144
tlg2022-001,0048,ΤΩΙ ΑΥΤΩΙ,494
tlg2022-001,0049,ΤΩΙ ΑΥΤΩΙ,94
tlg2022-001,0050,ΤΩΙ ΑΥΤΩΙ,400
tlg2022-001,0051,ΝΙΚΟΒΟΥΛΩΙ,432
tlg2022-001,0052,ΤΩΙ ΑΥΤΩΙ,188
tlg2022-001,0053,ΤΩΙ ΑΥΤΩΙ,62
tlg2022-001,0054,ΤΩΙ ΑΥΤΩΙ,45
tlg2022-001,0055,ΤΩΙ ΑΥΤΩΙ,47
tlg2022-001,0056,ΘΕΚΛΗΙ,104
tlg2022-001,0057,ΤΗΙ ΑΥΤΗΙ,143
tlg2022-001,0058,ΒΑΣΙΛΕΙΩΙ,881
tlg2022-001,0059,ΤΩΙ ΑΥΤΩΙ,185
tlg2022-001,0060,ΤΩΙ ΑΥΤΩΙ,119
tlg2022-001,0061,ΑΕΡΙΩΙ ΚΑΙ ΑΛΥΠΙΩΙ,464
tlg2022-001,0062,ΑΜΦΙΛΟΧΙΩΙ,36
tlg2022-001,0063,ΑΜΦΙΛΟΧΙΩΙ,407
tlg2022-001,0064,ΕΥΣΕΒΙΩΙ ΣΑΜΟΣΑΤΩΝ,240
tlg2022-001,0065,ΤΩΙ ΑΥΤΩΙ,264
tlg2022-001,0066,ΤΩΙ ΑΥΤΩΙ,140
tlg2022-001,0067,ΙΟΥΛΙΑΝΩΙ,211
tlg2022-001,0068,ΤΩΙ ΑΥΤΩΙ,184
tlg2022-001,0069,ΤΩΙ ΑΥΤΩΙ,61
tlg2022-001,0070,ΕΥΤΡΟΠΙΩΙ,179
tlg2022-001,0071,ΤΩΙ ΑΥΤΩΙ,214
tlg2022-001,0072,ΓΡΗΓΟΡΙΩΙ ΝΥΣΣΗΣ,62
tlg2022-001,0073,ΤΩΙ ΑΥΤΩΙ,47
tlg2022-001,0074,ΤΩΙ ΑΥΤΩΙ,118
tlg2022-001,0075,ΒΙΤΑΛΙΑΝΩΙ,51
tlg2022-001,0076,ΓΡΗΓΟΡΙΩΙ ΝΥΣΣΗΣ,237
tlg2022-001,0077,ΘΕΟΔΩΡΩΙ,722
tlg2022-001,0078,ΘΕΟΤΕΚΝΩΙ,285
tlg2022-001,0079,ΣΙΜΠΛΙΚΙΑΙ,752
tlg2022-001,0080,ΦΙΛΑΓΡΙΩΙ,103
tlg2022-001,0081,ΓΡΗΓΟΡΙΩΙ ΝΥΣΣΗΣ,92
tlg2022-001,0082,ΑΛΥΠΙΩΙ,104
tlg2022-001,0083,ΤΩΙ ΑΥΤΩΙ,84
tlg2022-001,0084,ΤΩΙ ΑΥΤΩΙ,72
tlg2022-001,0085,ΤΩΙ ΑΥΤΩΙ,68
tlg2022-001,0086,ΤΩΙ ΑΥΤΩΙ,255
tlg2022-001,0087,ΦΙΛΑΓΡΙΩΙ,276
tlg2022-001,0088,ΝΕΚΤΑΡΙΩΙ,169
tlg2022-001,0089,ΒΟΣΠΟΡΙΩΙ,61
tlg2022-001,0090,ΑΝΥΣΙΩΙ,135
tlg2022-001,0091,ΝΕΚΤΑΡΙΩΙ,152
tlg2022-001,0092,ΦΙΛΑΓΡΙΩΙ,106
tlg2022-001,0093,ΣΩΦΡΟΝΙΩΙ,105
tlg2022-001,0094,ΑΜΑΖΟΝΙΩΙ,122
tlg2022-001,0095,ΛΕΟΝΤΙΩΙ,78
tlg2022-001,0096,ΥΠΑΤΙΩΙ,136
tlg2022-001,0097,ΗΡΑΚΛΕΙΑΝΩΙ,59
tlg2022-001,0098,ΠΡΟΣ ΤΟΥΣ ΠΟΛΙΤΕΥΟΜΕΝΟΥΣ,170
tlg2022-001,0099,ΣΑΚΕΡΔΩΤΙ,58
tlg2022-001,0100,ΓΙΓΑΝΤΙΩΙ,239
tlg2022-001,0103,ΠΑΛΛΑΔΙΩΙ,237
tlg2022-001,0104,ΟΛΥΜΠΙΩΙ,157
tlg2022-001,0105,ΤΩΙ ΑΥΤΩΙ,92
tlg2022-001,0106,ΤΩΙ ΑΥΤΩΙ,148
tlg2022-001,0107,ΚΛΗΔΟΝΙΩΙ,40
tlg2022-001,0108,ΤΩΙ ΑΥΤΩΙ,41
tlg2022-001,0109,ΤΩΙ ΑΥΤΩΙ,36
tlg2022-001,0110,ΠΑΛΛΑΔΙΩΙ,56
tlg2022-001,0111,ΕΥΓΕΝΙΩΙ,44
tlg2022-001,0112,ΚΕΛΕΥΣΙΩΙ,86
tlg2022-001,0113,ΤΩΙ ΑΥΤΩΙ,43
tlg2022-001,0114,ΤΩΙ ΑΥΤΩΙ,320
tlg2022-001,0115,ΘΕΟΔΩΡΩΙ,97
tlg2022-001,0116,ΕΥΛΑΛΙΩΙ,63
tlg2022-001,0117,ΤΩΙ ΑΥΤΩΙ,42
tlg2022-001,0118,ΕΥΓΕΝΙΩΙ,73
tlg2022-001,0119,ΠΑΛΛΑΔΙΩΙ,34
tlg2022-001,0120,ΕΛΛΑΔΙΩΙ,172
tlg2022-001,0121,ΘΕΟΔΩΡΩΙ,124
tlg2022-001,0122,ΤΩΙ ΑΥΤΩΙ,78
tlg2022-001,0123,ΤΩΙ ΑΥΤΩΙ,68
tlg2022-001,0124,ΤΩΙ ΑΥΤΩΙ,52
tlg2022-001,0125,ΟΛΥΜΠΙΩΙ,254
tlg2022-001,0126,ΤΩΙ ΑΥΤΩΙ,207
tlg2022-001,0127,ΕΛΛΑΔΙΩΙ,102
tlg2022-001,0128,ΠΡΟΚΟΠΙΩΙ,125
tlg2022-001,0129,ΤΩΙ ΑΥΤΩΙ,208
tlg2022-001,0130,ΤΩΙ ΑΥΤΩΙ,149
tlg2022-001,0131,ΟΛΥΜΠΙΩΙ,130
tlg2022-001,0132,ΣΑΤΟΡΝΙΝΩΙ,167
tlg2022-001,0133,ΒΙΚΤΟΡΙ,160
tlg2022-001,0134,ΤΩΙ ΑΥΤΩΙ,91
tlg2022-001,0135,ΣΩΦΡΟΝΙΩΙ,181
tlg2022-001,0136,ΜΟΔΑΡΙΩΙ,157
tlg2022-001,0137,ΤΩΙ ΑΥΤΩΙ,92
tlg2022-001,0138,ΒΟΣΠΟΡΙΩΙ,241
tlg2022-001,0139,ΘΕΟΔΩΡΩΙ,305
tlg2022-001,0140,ΟΛΥΜΠΙΩΙ,228
tlg2022-001,0141,ΤΩΙ ΑΥΤΩΙ,600
tlg2022-001,0142,ΤΩΙ ΑΥΤΩΙ,148
tlg2022-001,0143,ΤΩΙ ΑΥΤΩΙ,191
tlg2022-001,0144,ΤΩΙ ΑΥΤΩΙ,209
tlg2022-001,0145,ΟΥΗΡΙΑΝΩΙ,238
tlg2022-001,0146,ΟΛΥΜΠΙΩΙ,368
tlg2022-001,0147,ΑΣΤΕΡΙΩΙ,229
tlg2022-001,0148,ΤΩΙ ΑΥΤΩΙ,224
tlg2022-001,0149,ΓΕΩΡΓΙΩΙ,95
tlg2022-001,0150,ΑΣΤΕΡΙΩΙ,171
tlg2022-001,0151,ΝΕΚΤΑΡΙΩΙ,109
tlg2022-001,0152,ΘΕΟΔΩΡΩΙ,259
tlg2022-001,0153,ΒΟΣΠΟΡΙΩΙ,102
tlg2022-001,0154,ΟΛΥΜΠΙΩΙ,210
tlg2022-001,0155,ΑΣΤΕΡΙΩΙ,134
tlg2022-001,0156,ΤΩΙ ΑΥΤΩΙ,199
tlg2022-001,0157,ΘΕΟΔΩΡΩΙ,104
tlg2022-001,0158,ΕΥΛΑΛΙΩΙ,113
tlg2022-001,0159,ΘΕΟΔΩΡΩΙ,71
tlg2022-001,0160,ΤΩΙ ΑΥΤΩΙ,72
tlg2022-001,0161,ΤΩΙ ΑΥΤΩΙ,69
tlg2022-001,0162,ΤΩΙ ΑΥΤΩΙ,206
tlg2022-001,0163,ΤΩΙ ΑΥΤΩΙ,279
tlg2022-001,0164,ΤΙΜΟΘΕΩΙ,216
tlg2022-001,0165,ΣΤΑΓΕΙΡΙΩΙ,373
tlg2022-001,0166,ΤΩΙ ΑΥΤΩΙ,193
tlg2022-001,0167,ΕΛΛΑΔΙΩΙ,97
tlg2022-001,0168,ΦΩΤΙΩΙ,103
tlg2022-001,0169,ΣΤΡΑΤΗΓΙΩΙ,84
tlg2022-001,0170,ΠΑΛΛΑΔΙΩΙ,93
tlg2022-001,0171,ΑΜΦΙΛΟΧΙΩΙ,121
tlg2022-001,0172,ΕΛΛΑΔΙΩΙ,84
tlg2022-001,0173,ΠΟΣΤΟΥΜΙΑΝΩΙ,333
tlg2022-001,0174,ΕΥΔΟΞΙΩΙ,197
tlg2022-001,0175,ΤΩΙ ΑΥΤΩΙ,110
tlg2022-001,0176,ΤΩΙ ΑΥΤΩΙ,215
tlg2022-001,0177,ΤΩΙ ΑΥΤΩΙ,98
tlg2022-001,0178,ΤΩΙ ΑΥΤΩΙ,577
tlg2022-001,0179,ΤΩΙ ΑΥΤΩΙ,140
tlg2022-001,0180,ΤΩΙ ΑΥΤΩΙ,75
tlg2022-001,0181,ΣΑΤΟΡΝΙΝΩΙ,89
tlg2022-001,0182,ΓΡΗΓΟΡΙΩΙ,201
tlg2022-001,0183,ΘΕΟΔΩΡΩΙ,514
tlg2022-001,0184,ΑΜΦΙΛΟΧΙΩΙ,181
tlg2022-001,0185,ΝΕΚΤΑΡΙΩΙ,337
tlg2022-001,0186,ΤΩΙ ΑΥΤΩΙ,173
tlg2022-001,0187,ΕΥΔΟΞΙΩΙ,127
tlg2022-001,0188,ΣΤΑΓΕΙΡΙΩΙ,99
tlg2022-001,0189,ΕΥΣΤΟΧΙΩΙ,119
tlg2022-001,0190,ΤΩΙ ΑΥΤΩΙ,493
tlg2022-001,0191,ΤΩΙ ΑΥΤΩΙ,108
tlg2022-001,0192,ΣΤΑΓΕΙΡΙΩΙ,201
tlg2022-001,0193,ΒΙΤΑΛΙΑΝΩΙ,125
tlg2022-001,0194,ΤΩΙ ΑΥΤΩΙ,90
tlg2022-001,0195,ΓΡΗΓΟΡΙΩΙ ΑΡΧΟΝΤΙ,265
tlg2022-001,0196,ΕΚΗΒΟΛΙΩΙ,217
tlg2022-001,0197,ΓΡΗΓΟΡΙΩΙ ΝΥΣΣΗΣ,413
tlg2022-001,0198,ΝΕΜΕΣΙΩΙ,209
tlg2022-001,0199,ΤΩΙ ΑΥΤΩΙ,225
tlg2022-001,0200,ΤΩΙ ΑΥΤΩΙ,190
tlg2022-001,0201,ΤΩΙ ΑΥΤΩΙ,60
tlg2022-001,0203,ΟΥΑΛΕΝΤΙΝΙΑΝΩΙ,290
tlg2022-001,0204,ΑΔΕΛΦΙΩΙ,382
tlg2022-001,0205,ΤΩΙ ΑΥΤΩΙ,101
tlg2022-001,0206,ΤΩΙ ΑΥΤΩΙ,432
tlg2022-001,0207,ΙΑΚΩΒΩΙ,272
tlg2022-001,0208,ΤΩΙ ΑΥΤΩΙ,141
tlg2022-001,0209,ΚΑΣΤΟΡΙ,74
tlg2022-001,0210,ΤΩΙ ΑΥΤΩΙ,144
tlg2022-001,0211,ΚΥΡΙΑΚΩΙ,146
tlg2022-001,0212,ΣΑΚΕΡΔΩΤΙ,66
tlg2022-001,0213,ΤΩΙ ΑΥΤΩΙ,49
tlg2022-001,0214,ΤΩΙ ΑΥΤΩΙ,90
tlg2022-001,0215,ΤΩΙ ΑΥΤΩΙ,158
tlg2022-001,0216,ΕΥΔΟΚΙΩΙ,172
tlg2022-001,0217,ΤΩΙ ΑΥΤΩΙ,163
tlg2022-001,0218,ΤΩΙ ΑΥΤΩΙ,308
tlg2022-001,0219,ΕΛΛΑΔΙΩΙ,376
tlg2022-001,0220,ΤΩΙ ΑΥΤΩΙ,158
tlg2022-001,0221,ΟΜΟΦΡΟΝΙΩΙ,214
tlg2022-001,0222,ΘΕΚΛΗΙ,260
tlg2022-001,0223,ΤΗΙ ΑΥΤΗΙ,569
tlg2022-001,0224,ΑΦΡΙΚΑΝΩΙ,189
tlg2022-001,0225,ΕΛΛΕΒΙΧΩΙ,141
tlg2022-001,0226,ΑΝΥΣΙΩΙ,45
tlg2022-001,0227,ΟΥΡΣΩΙ,144
tlg2022-001,0228,ΠΑΝΣΟΦΙΩΙ,114
tlg2022-001,0229,ΤΩΙ ΑΥΤΩΙ,71
tlg2022-001,0230,ΘΕΟΔΟΣΙΩΙ,191
tlg2022-001,0231,ΕΥΣΕΒΙΩΙ,175
tlg2022-001,0232,ΔΙΟΚΛΕΙ,127
tlg2022-001,0233,ΑΒΛΑΒΙΩΙ,146
tlg2022-001,0234,ΟΛΥΜΠΙΑΝΩΙ,122
tlg2022-001,0235,ΑΔΑΜΑΝΤΙΩΙ,268
tlg2022-001,0236,ΛΙΒΑΝΙΩΙ ΣΟΦΙΣΤΗΙ,24
tlg2022-001,0237,ΜΑΚΕΔΟΝΙΩΙ,91
tlg2022-001,0238,,315
tlg2022-001,0239,ΕΠΙΦΑΝΙΩΙ,56
tlg2022-001,0240,ΜΕΛΕΤΙΩΙ,122
tlg2022-001,0241,ΑΒΟΥΡΓΙΩΙ,92
tlg2022-001,0242,ΠΕΤΡΩΙ,59
tlg2022-001,0244,ΒΑΣΙΛΙΣΣΗΙ,469
tlg2022-001,0245,ΒΑΣΙΛΕΙΩΙ,22
tlg2022-001,0246,ΒΑΣΙΛΕΙΩΙ,494
tlg2022-001,0247,ΓΛΥΚΕΡΙΩΙ,113
tlg2022-001,0248,ΒΑΣΙΛΕΙΩΙ,85
tlg2022-001,0249,ΦΛΑΒΙΑΝΩΙ ΕΠΙΣΚΟΠΩΙ,2247
tlg2017-033,0001,Φλαβιανῷ ἐπισκόπῳ,2191
tlg2017-033,0002,"Περὶ τῶν ἀπιόντων εἰς Ἱεροσόλυμα, Κηνσίτορι",1248
tlg2017-033,0003,"Ταῖς κοσμιωτάταις ἀληθῶς καὶ εὐλαβεστάταις ἀδελφαῖς 
Εὐσταθίᾳ καὶ Ἀμβροσίᾳ καὶ τῇ κοσμιωτάτῃ καὶ 
σεμνοτάτῃ θυγατρὶ Βασιλίσσῃ Γρηγόριος ἐν κυρίῳ χαίρειν.",2187
tlg2017-033,0004,Εὐσεβίῳ,735
tlg2017-033,0005,"ἐπιστολὴ πρὸς τοὺς ἀπιστοῦντας τῇ ὀρθοδόξῳ 
〈αὐτοῦ πίστει, παρὰ τῶν〉 κατὰ Σεβάστειαν 
αἰτηθεῖσα",777
tlg2017-033,0006,Ἀβλαβίῳ ἐπισκόπῳ,507
tlg2017-033,0007,Ἱερίῳ ἡγεμόνι,237
tlg2017-033,0008,Ἀντιοχιανῷ,265
tlg2017-033,0009,Σταγειρίῳ,171
tlg2017-033,0010,Ὀτρηίῳ ἐπισκόπῳ Μελιτηνῆς,292
tlg2017-033,0011,Εὐπατρίῳ σχολαστικῷ,397
tlg2017-033,0012,τῷ αὐτῷ,368
tlg2017-033,0013,Λιβανίῳ,545
tlg2017-033,0014,Λιβανίῳ σοφιστῇ,559
tlg2017-033,0015,Ἰωάννῃ καὶ Μαξιμιανῷ,209
tlg2017-033,0016,Στρατηγίῳ,300
tlg2017-033,0017,Τοῖς ἐν Νικομηδείᾳ πρεσβυτέροις,1797
tlg2017-033,0018,Ὀτρηίῳ ἐπισκόπῳ Μελιτηνῆς,772
tlg2017-033,0019,"Πρός τινα Ἰωάννην περί τινων ὑποθέσεων καὶ περὶ 
τῆς διαγωγῆς καὶ καταστάσεως τῆς τοιαύτης ἀδελφῆς 
αὐτοῦ Μακρίνης",1531
tlg2017-033,0020,Πρὸς Ἀδέλφιον σχολαστικόν,1108
tlg2017-033,0021,Ἀβλαβίῳ ἐπισκόπῳ,147
tlg2017-033,0022,Τοῖς ἐπισκόποις,77
tlg2017-033,0023,Ἀνεπίγραφος,34
tlg2017-033,0024,Ἡρακλειανῷ αἱρετικῷ,1181
tlg2017-033,0025,Ἀμφιλοχίῳ,1023
tlg2017-033,0026,τοῦ σοφιστοῦ Σταγειρίου πρὸς Γρηγόριον ἐπίσκοπον,120
tlg2017-033,0027,ἀντίγραφον τοῦ ἁγίου Γρηγορίου πρὸς τὸν σοφιστήν,193
tlg2017-033,0028,,250
tlg2017-033,0029,τῷ ἀδελφῷ αὐτοῦ Πέτρῳ ἐπισκόπῳ Σεβαστείας,589
tlg2017-033,0030,"Πέτρου ἐπισκόπου Σεβαστείας πρὸς Γρηγόριον Νύσσης 
τὸν αὐτοῦ ἀδελφόν",456
tlg2017-033,0005,"ἐπιστολὴ πρὸς τοὺς ἀπιστοῦντας τῇ ὀρθοδόξῳ 
〈αὐτοῦ πίστει, παρὰ τῶν〉 κατὰ Σεβάστειαν 
αἰτηθεῖσα",780
tlg4089-005,0000,"ΤΟΥ ΜΑΚΑΡΙΩΤΑΤΟΥ ΘΕΟΔΩΡΗΤΟΥ 
ΕΠΙΣΚΟΠΟΥ ΚΥΡΟΥ 
ΕΠΙΣΤΟΛΑΙ",11
tlg4089-005,0001,ΒΑΣΙΛΕΙῼ ΕΠΙΣΚΟΠῼ ΙΣΑΥΡΙΑΣ.,114
tlg4089-005,0002,ΕΥΣΕΒΙῼ ΕΠΙΣΚΟΠῼ ΑΓΚΥΡΑΣ.,234
tlg4089-005,0003,ΘΕΟΔΟΤῼ ΚΟΜΗΤΙ.,300
tlg4089-005,0004,ΑΓΑΘΩΝΙ ΑΡΧΙΜΑΝΔΡΙΤῌ.,79
tlg4089-005,0005,ΦΛΩΡΕΝΤΙῼ ΥΠΑΡΧῼ.,156
tlg4089-005,0006,ΤΙΤῼ ΚΟΜΗΤΙ ΔΟΜΕΣΤΙΚῼ.,103
tlg4089-005,0007,ΑΕΡΙῼ ΣΟΦΙΣΤῌ.,146
tlg4089-005,0008,"ΕΥΛΑΛΙῼ, ΓΕΡΜΑΝῼ, ΠΡΩΤΕΙ, 
ΠΟΛΙΤΕΥΟΜΕΝΟΙΣ ΖΕΥΓΜΑΤΟΣ.",467
tlg4089-005,0009,ΤΟΙΣ ΑΥΤΟΙΣ.,142
tlg4089-005,0010,ΑΕΡΙῼ ΣΟΦΙΣΤῌ.,127
tlg4089-005,0011,ΤΙΤῼ ΚΟΜΗΤΙ.,158
tlg4089-005,0012,ΠΑΛΛΑΔΙῼ ΦΙΛΟΣΟΦῼ.,285
tlg4089-005,0013,ΟΛΥΜΠΙῼ ΓΕΡΜΑΝΙΚῼ.,174
tlg4089-005,0014,ΕΙΡΗΝΑΙῼ ΚΟΜΗΤΙ.,163
tlg4089-005,0015,"ΠΡΟΚΛῼ ΕΠΙΣΚΟΠῼ 
ΚΩΝΣΤΑΝΤΙΝΟΥΠΟΛΕΩΣ",235
tlg4089-005,0016,ΝΟΜῼ ΥΠΑΤῼ.,5
tlg4089-005,0017,ΔΙΟΝΥΣΙῼ ΚΟΜΗΤΙ ΑΝΑΤΟΛΗΣ.,252
tlg4089-005,0018,ΑΡΕΟΒΙΝΔῼ ΣΤΡΑΤΗΛΑΤῌ.,237
tlg4089-005,0019,ΚΩΝΣΤΑΝΤΙΝῼ ΑΠΟ ΥΠΑΡΧΩΝ.,289
tlg4089-005,0020,"ΠΡΟΚΛῼ ΕΠΙΣΚΟΠῼ 
ΚΩΝΣΤΑΝΤΙΝΟΥΠΟΛΕΩΣ.",132
tlg4089-005,0021,ΑΡΕΟΒΙΝΔᾼ ΠΑΤΡΙΚΙῼ.,5
tlg4089-005,0022,ΕΥΣΕΒΙῼ ΕΠΙΣΚΟΠῼ ΑΝΚΥΡΑΣ.,254
tlg4089-005,0023,ΑΕΡΙῼ ΣΟΦΙΣΤῌ.,101
tlg4089-005,0024,ΒΑΣΙΛΕΙῼ ΠΡΕΣΒΥΤΕΡῼ.,5
tlg4089-005,0025,ΜΑΡΤΥΡΙῼ ΠΡΕΣΒΥΤΕΡῼ.,5
tlg4089-005,0026,"ΟΥΛΠΙΑΝῼ ΚΟΜΗΤΙ,",5
tlg4089-005,0027,ΙΣΟΚΑΣΙῼ ΣΟΦΙΣΤῌ.,73
tlg4089-005,0028,Τῼ ΑΥΤῼ.,101
tlg4089-005,0029,ΚΥΡῼ ΠΡΕΣΒΥΤΕΡῼ.,72
tlg4089-005,0030,"ΑΡΧΕΛΑῼ 
ΕΠΙΣΚΟΠῼ ΣΕΛΕΥΚΕΙΑΣ.",216
tlg4089-005,0031,ΑΝΕΠΙΓΡΑΦΟΣ.,192
tlg4089-005,0032,"ΘΕΟΔΟΤῼ ΕΠΙΣΚΟΠῼ 
ΑΝΤΙΟΧΕΙΑΣ.",92
tlg4089-005,0033,,281
tlg4089-005,0034,ΜΑΡΑΝᾼ ΣΧΟΛΑΣΤΙΚῼ.,113
tlg4089-005,0035,ΡΩΜΥΛῼ,93
tlg4089-005,0036,ΘΕΟΔΟΤῼ ΑΡΧΟΝΤΙ.,202
tlg4089-005,0037,ΝΕΩΝΙ ΑΡΧΟΝΤΙ.,250
tlg4089-005,0038,ΙΣΟΚΑΣΙῼ ΣΟΦΙΣΤῌ.,139
tlg4089-005,0039,ΑΝΤΙΟΧῼ ΑΠΟ ΥΠΑΡΧΩΝ.,204
tlg4089-005,0040,ΔΟΜΕΤΙΑΝῼ ΚΟΙΑΙΣΤΩΡΙ.,138
tlg4089-005,0041,ΑΝΔΡΕᾼ ΕΠΙΣΚΟΠῼ ΣΑΜΟΣΑΤΩΝ.,120
tlg4089-005,0042,ΕΥΘΑΛΙῼ ΠΡΕΣΒΥΤΕΡῼ.,195
tlg4089-005,0043,ΑΓΙΑΝῼ ΜΟΝΑΖΟΝΤΙ.,314
tlg4089-005,0044,ΙΣΟΚΑΣΙῼ ΣΟΦΙΣΤῌ.,262
tlg4089-005,0045,ΘΕΟΔΟΤῼ ΕΠΙΣΚΟΠῼ ΑΝΤΙΟΧΕΙΑΣ.,339
tlg4089-005,0046,ΕΛΛΑΔΙῼ ΚΟΥΡΑΤΩΡΙ.,127
tlg4089-005,0047,"ΕΥΡΥΚΙΑΝῼ ΤΡΙΒΟΥΝῼ 
ΠΑΡΑΜΥΘΗΤΙΚΗ.",1394
tlg4089-005,0048,ΑΞΙᾼ ΔΙΑΚΟΝῼ ΠΑΡΑΜΥΘΗΤΙΚΗ.,192
tlg4089-005,0049,"ΒΑΣΙΛΕΙῼ ΕΠΙΣΚΟΠῼ ΣΕΛΕΓΚΕΙΑΣ 
ΤΗΣ ΙΣΑΥΡΙΑΣ.",204
tlg4089-005,0050,ΑΕΡΙῼ ΣΟΦΙΣΤῌ,86
tlg4089-005,0051,ΑΠΕΛΛῌ.,115
tlg4089-005,0052,ΙΣΟΚΑΣΙῼ ΣΟΦΙΣΤῌ.,150
tlg4089-006,0000,"ΕΠΙΣΤΟΛΑΙ 
ΘΕΟΔΩΡΗΤΟΥ ΕΠΙΣΚΟΠΟΥ ΚΥΡΡΟΥ",8
tlg4089-006,0001,"ΤΟΥ ΑΥΤΟΥ ΕΠΙΣΤΟΛΗ 
ΠΡΟΣ ΔΙΑΦΟΡΟΝ ΦΙΛΟΝ.",139
tlg4089-006,0002,Τῼ ΑΥΤῼ.,137
tlg4089-006,0003,ΕΙΡΗΝΑΙῼ ΕΠΙΣΚΟΠῼ.,853
tlg4089-006,0004,ΕΟΡΤΑΣΤΙΚΗ.,74
tlg4089-006,0005,ΕΟΡΤΑΣΤΙΚΗ.,76
tlg4089-006,0006,ΕΟΡΤΑΣΤΙΚΗ.,66
tlg4089-006,0007,ΘΕΟΝΙΛΛῌ.,139
tlg4089-006,0008,ΕΥΓΡΑΦΙᾼ.,235
tlg4089-006,0009,ΑΝΕΠΙΓΡΑΦΟΣ.,123
tlg4089-006,0010,ΗΛΙᾼ ΣΧΟΛΑΣΤΙΚῼ.,157
tlg4089-006,0011,"ΦΛΑΒΙΑΝῼ ΕΠΙΣΚΟΠῼ 
ΚΩΝΣΤΑΝΤΙΝΟΥΠΟΛΕΩΣ.",226
tlg4089-006,0012,ΕΙΡΗΝΑΙῼ ΕΠΙΣΚΟΠῼ.,339
tlg4089-006,0013,ΚΥΡῼ.,172
tlg4089-006,0014,ΑΛΕΞΑΝΔΡᾼ.,912
tlg4089-006,0015,ΣΙΛΒΑΝῼ ΠΡΩΤΕΥΟΝΤΙ.,260
tlg4089-006,0016,ΕΙΡΗΝΑΙῼ ΕΠΙΣΚΟΠῼ.,693
tlg4089-006,0017,ΚΑΣΙΑΝῌ ΔΙΑΚΟΝῼ.,361
tlg4089-006,0018,ΝΕΟΠΤΟΛΕΜῼ.,204
tlg4089-006,0019,ΒΑΣΙΛΕΙῼ ΠΡΕΣΒΥΤΕΡῼ.,68
tlg4089-006,0020,ΜΑΡΤΥΡΙῼ ΠΡΕΣΒΥΤΕΡῼ.,129
tlg4089-006,0021,ΕΥΣΕΒΙῼ ΣΧΟΛΑΣΤΙΚῼ.,1083
tlg4089-006,0022,ΟΥΛΠΙΑΝῼ ΚΟΜΗΤΙ.,138
tlg4089-006,0023,ΑΡΕΟΒΙΝΔᾼ ΠΑΤΡΙΚΙῼ.,170
tlg4089-006,0024,ΑΝΔΡΕᾼ ΕΠΙΣΚΟΠῼ ΣΑΜΟΣΑΤΩΝ.,222
tlg4089-006,0025,ΕΟΡΤΑΣΤΙΚΗ.,112
tlg4089-006,0026,ΑΛΛΗ ΕΟΡΤΑΣΤΙΚΗ.,67
tlg4089-006,0027,"ΑΚΥΛΙΝῼ ΔΙΑΚΟΝῼ 
ΚΑΙ ΑΡΧΙΜΑΝΔΡΙΤῌ.",74
tlg4089-006,0028,"ΙΑΚΩΒῼ ΠΡΕΣΒΥΤΕΡῼ 
ΚΑΙ ΜΟΝΑΖΟΝΤΙ.",62
tlg4089-006,0029,ΑΠΕΛΛΙΩΝΙ.,205
tlg4089-006,0030,ΑΕΡΙῼ ΣΟΦΙΣΤῌ.,220
tlg4089-006,0031,ΔΟΜΝῼ ΕΠΙΣΚΟΠῼ ΑΝΤΙΟΧΕΙΑΣ.,206
tlg4089-006,0032,ΘΕΟΚΤΙΣΤῼ ΕΠΙΣΚΟΠῼ.,221
tlg4089-006,0033,"ΣΤΑΣΙΜῼ ΚΟΜΗΤΙ 
ΚΑΙ ΠΡΩΤΕΥΟΝΤΙ.",163
tlg4089-006,0034,ΠΑΤΡΙΚΙῼ ΚΟΜΗΤΙ.,128
tlg4089-006,0035,ΕΙΡΗΝΑΙῼ ΕΠΙΣΚΟΠῼ.,202
tlg4089-006,0036,ΠΟΜΠΕΙΑΝῼ ΕΠΙΣΚΟΠῼ ΕΜΕΣΗΣ.,168
tlg4089-006,0037,ΣΑΛΟΥΣΤΙῼ ΑΡΧΟΝΤΙ.,227
tlg4089-006,0038,ΕΟΡΤΑΣΤΙΚΗ.,153
tlg4089-006,0039,ΑΛΛΗ ΕΟΡΤΑΣΤΙΚΗ.,72
tlg4089-006,0040,ΘΕΟΔῼΡῼ ΤΟΠΟΤΗΡΗΤῌ.,116
tlg4089-006,0041,ΚΛΑΥΔΙΑΝῼ.,129
tlg4089-006,0042,ΚΩΝΣΤΑΝΤΙΝῼ ΕΠΑΡΧῼ.,572
tlg4089-006,0043,ΠΟΥΛΧΕΡΙᾼ ΑΥΓΟΥΣΤῌ.,291
tlg4089-006,0044,ΣΕΝΑΤΩΡΙ ΠΑΤΡΙΚΙῼ.,247
tlg4089-006,0045,ΑΝΑΤΟΛΙῼ ΠΑΤΡΙΚΙῼ.,301
tlg4089-006,0046,ΠΕΤΡῼ ΣΧΟΛΑΣΤΙΚῼ.,93
tlg4089-006,0047,"ΠΡΟΚΛῼ ΕΠΙΣΚΟΠῼ 
ΚΩΝΣΤΑΝΤΙΝΟΥΠΟΛΕΩΣ.",270
tlg4089-006,0048,ΕΥΣΤΑΘΙῼ ΕΠΙΣΚΟΠῼ ΒΗΡΥΤΟΥ.,88
tlg4089-006,0049,ΔΑΜΙΑΝῼ ΕΠΙΣΚΟΠῼ ΣΙΔΩΝΟΣ.,103
tlg4089-006,0050,ΓΕΡΟΝΤΙῼ ΑΡΧΙΜΑΝΔΡΙΤῌ.,97
tlg4089-006,0051,ΑΓΑΠΙῼ ΠΡΕΣΒΥΤΕΡῼ.,84
tlg4089-006,0052,ΙΒᾼ ΕΠΙΣΚΟΠῼ ΕΔΕΣΗΣ.,215
tlg4089-006,0053,"ΣΩΦΡΟΝΙῼ ΕΠΙΣΚΟΠῼ 
ΚΩΝΣΤΑΝΤΙΝΗΣ.",116
tlg4089-006,0054,ΕΟΡΤΑΣΤΙΚΗ.,68
tlg4089-006,0055,ΕΟΡΤΑΣΤΙΚΗ.,53
tlg4089-006,0056,ΕΟΡΤΑΣΤΙΚΗ.,49
tlg4089-006,0057,ΕΥΤΡΕΧΙῼ ΥΠΑΡΧῼ.,94
tlg4089-006,0058,ΝΟΜῼ ΥΠΑΤῼ.,125
tlg4089-006,0059,ΚΛΑΥΔΙΑΝῼ.,119
tlg4089-006,0060,ΔΙΟΣΚΟΡῼ ΕΠΙΣΚΟΠῼ ΑΛΕΞΑΝΔΡΕΙΑΣ.,206
tlg4089-006,0061,ΑΡΧΙΒΙῼ ΠΡΕΣΒΥΤΕΡῼ.,142
tlg4089-006,0062,ΙΩΑΝΝῌ ΠΡΕΣΒΥΤΕΡῼ.,248
tlg4089-006,0063,ΕΟΡΤΑΣΤΙΚΗ.,158
tlg4089-006,0064,ΕΟΡΤΑΣΤΙΚΗ.,126
tlg4089-006,0065,ΖΗΝΩΝΙ ΣΤΡΑΤΗΓῼ.,224
tlg4089-006,0066,ΑΕΡΙῼ ΣΟΦΙΣΤῌ.,72
tlg4089-006,0067,ΜΑΡΑΝᾼ.,62
tlg4089-006,0068,ΕΠΙΦΑΝΙῼ.,67
tlg4089-006,0069,ΕΥΓΡΑΦΙᾼ.,298
tlg4089-006,0070,ΕΥΣΤΑΘΙῼ ΕΠΙΣΚΟΠῼ ΑΙΓΩΝ.,334
tlg4089-006,0071,ΖΗΝΩΝΙ ΣΤΡΑΤΗΓῼ ΚΑΙ ΥΠΑΤῼ.,174
tlg4089-006,0072,ΕΡΜΕΣΙΓΕΝΕΙ ΠΑΡΕΔΡῼ.,262
tlg4089-006,0073,ΑΠΟΛΛΩΝΙῼ.,166
tlg4089-006,0074,ΟΥΡΒΑΝῼ.,86
tlg4089-006,0075,ΤΟΙΣ ΚΛΗΡΙΚΟΙΣ ΒΕΡΟΙΑΣ.,223
tlg4089-006,0076,ΟΥΡΑΝΙῼ ΑΡΧΟΝΤΙ ΚΥΠΡΟΥ.,391
tlg4089-006,0077,"ΕΥΛΑΛΙῼ ΕΠΙΣΚΟΠῼ 
ΤΗΣ ΠΕΡΣΙΚΗΣ ΑΡΜΕΝΙΑΣ.",1177
tlg4089-006,0078,"ΕΥΣΕΒΙῼ ΕΠΙΣΚΟΠῼ 
ΤΗΣ ΠΕΡΣΙΚΗΣ ΑΡΜΕΝΙΑΣ.",768
tlg4089-006,0079,ΑΝΑΤΟΛΙῼ ΠΑΤΡΙΚΙῼ.,544
tlg4089-006,0080,ΕΥΤΡΕΧΙῼ ΥΠΑΡΧῼ.,456
tlg4089-006,0081,ΝΟΜῼ ΥΠΑΤῼ.,811
tlg4089-006,0082,ΕΥΣΕΒΙῼ ΕΠΙΣΚΟΠῼ ΑΓΚΥΡΑΣ.,681
tlg4089-006,0083,ΔΙΟΣΚΟΡῼ ΕΠΙΣΚΟΠῼ ΑΛΕΞΑΝΔΡΕΙΑΣ.,1515
tlg4089-006,0084,ΤΟΙΣ ΕΝ ΚΙΛΙΚΙᾼ ΕΠΙΣΚΟΠΟΙΣ.,319
tlg4089-006,0085,ΒΑΣΙΛΕΙῼ ΕΠΙΣΚΟΠῼ.,366
tlg4089-006,0086,"ΦΛΑΒΙΑΝῼ ΕΠΙΣΚΟΠῼ 
ΚΩΝΣΤΑΝΤΙΝΟΥΠΟΛΕΩΣ.",672
tlg4089-006,0087,ΔΟΜΝῼ ΕΠΙΣΚΟΠῼ ΑΠΑΜΕΙΑΣ.,256
tlg4089-006,0088,ΤΑΥΡῼ ΠΑΤΡΙΚΙῼ.,192
tlg4089-006,0089,ΦΛΩΡΕΝΤΙῼ ΠΑΤΡΙΚΙῼ.,250
tlg4089-006,0090,ΛΟΥΠΙΚΙΝῼ ΜΑΓΙΣΤΡῼ.,227
tlg4089-006,0091,ΕΥΤΡΕΧΙῼ ΥΠΑΡΧῼ.,199
tlg4089-006,0092,ΑΝΑΤΟΛΙῼ ΠΑΤΡΙΚΙῼ.,168
tlg4089-006,0093,ΣΕΝΑΤΩΡΙῼ ΠΑΤΡΙΚΙῼ.,132
tlg4089-006,0094,ΠΡΩΤΟΓΕΝΕΙ ΥΠΑΡΧῼ.,214
tlg4089-006,0095,ΑΝΤΙΟΧῼ ΥΠΑΡΧῼ.,167
tlg4089-007,0096,ΝΟΜῼ ΠΑΤΡΙΚΙῼ.,302
tlg4089-007,0097,ΣΠΟΡΑΚΙῼ ΚΟΜΗΤΙ.,179
tlg4089-007,0098,ΠΑΓΧΑΡΙῼ.,122
tlg4089-007,0099,ΚΛΑΥΔΙΑΝῼ ΑΝΤΙΓΡΑΦΕΙ.,212
tlg4089-007,0100,ΑΛΕΞΑΝΔΡᾼ.,108
tlg4089-007,0101,ΚΕΛΕΡΙΝῌ ΔΙΑΚΟΝῼ.,210
tlg4089-007,0102,ΒΑΣΙΛΕΙῼ ΕΠΙΣΚΟΠῼ.,338
tlg4089-007,0103,ΑΠΟΛΛΩΝΙῼ ΚΟΜΗΤΙ.,107
tlg4089-007,0104,"ΦΛΑΒΙΑΝῼ ΕΠΙΣΚΟΠῼ 
ΚΩΝΣΤΑΝΤΙΝΟΥΠΟΛΕΩΣ.",670
tlg4089-007,0105,ΕΥΛΟΓΙῼ ΟΙΚΟΝΟΜῼ.,89
tlg4089-007,0106,ΑΒΡΑΑΜῼ ΟΙΚΟΝΟΜῼ.,64
tlg4089-007,0107,ΘΕΟΔΟΤῼ ΠΡΕΣΒΥΤΕΡῼ.,76
tlg4089-007,0108,ΑΚΑΚΙῼ ΠΡΕΣΒΥΤΕΡῼ.,147
tlg4089-007,0109,ΕΥΣΕΒΙῼ ΕΠΙΣΚΟΠῼ ΑΓΚΥΡΑΣ.,560
tlg4089-007,0110,ΔΟΜΝῼ ΕΠΙΣΚΟΠῼ ΑΝΤΙΟΧΕΙΑΣ.,536
tlg4089-007,0111,ΑΝΑΤΟΛΙῼ ΠΑΤΡΙΚΙῼ.,474
tlg4089-007,0112,ΔΟΜΝῼ ΕΠΙΣΚΟΠῼ ΑΝΤΙΟΧΕΙΑΣ.,872
tlg4089-007,0113,ΛΕΟΝΤΙ ΕΠΙΣΚΟΠῼ ΡΩΜΗΣ.,1344
tlg4089-007,0114,ΑΝΔΙΒΕΡΙ.,83
tlg4089-007,0115,ΑΠΕΛΛῌ.,88
tlg4089-007,0116,ΡΕΝΑΤῼ ΠΡΕΣΒΥΤΕΡῼ.,501
tlg4089-007,0117,ΦΛΩΡΕΝΤΙῼ ΕΠΙΣΚΟΠῼ.,203
tlg4089-007,0118,Τῼ ΑΡΧΙΔΙΑΚΟΝῼ ΡΩΜΗΣ.,191
tlg4089-007,0119,ΑΝΑΤΟΛΙῼ ΠΑΤΡΙΚΙῼ.,588
tlg4089-007,0120,ΛΟΥΠΙΚΙῼ.,127
tlg4089-007,0121,ΑΝΑΤΟΛΙῼ ΠΑΤΡΙΚΙῼ.,229
tlg4089-007,0122,ΟΥΡΑΝΙῼ ΕΠΙΣΚΟΠῼ ΕΜΕΣΗΣ.,371
tlg4089-007,0123,"Τῼ ΑΥΤῼ,",316
tlg4089-007,0124,ΜΑΡΑΝᾼ ΣΧΟΛΑΣΤΙΚῼ.,117
tlg4089-007,0125,ΙΩΑΝΝῌ ΕΠΙΣΚΟΠῼ ΓΕΡΜΑΝΙΚΕΙΑΣ.,723
tlg4089-007,0126,"ΑΦΘΟΝΙῼ, ΘΕΟΔΩΡΙΤῼ, ΝΟΝΝῼ, 
ΣΚΥΛΑΚΙῼ, ΑΦΘΟΝΙῼ, ΙΩΑΝΝῌ, 
ΠΟΛΙΤΕΥΟΜΕΝΟΙΣ ΖΕΥΓΜΑΤΟΣ.",637
tlg4089-007,0127,ΣΑΒΙΝΙΑΝῼ ΕΠΙΣΚΟΠῼ.,235
tlg4089-007,0128,"ΙΩΒΙῼ ΠΡΕΣΒΥΤΕΡῼ 
ΚΑΙ ΑΡΧΙΜΑΝΔΡΙΤῌ.",156
tlg4089-007,0129,"ΚΑΝΔΙΔῼ ΠΡΕΣΒΥΤΕΡῼ 
ΚΑΙ ΑΡΧΙΜΑΝΔΡΙΤῌ.",111
tlg4089-007,0130,"ΜΑΓΝῼ ΑΝΤΩΝΙΝῼ 
ΠΡΕΣΒΥΤΕΡῼ ΚΑΙ ΑΡΧΙΜΑΝΔΡΙΤῌ.",150
tlg4089-007,0131,ΤΙΜΟΘΕῼ ΕΠΙΣΚΟΠῼ.,1554
tlg4089-007,0132,"ΛΟΓΓΙΝῼ ΑΡΧΙΜΑΝΔΡΙΤῌ 
ΔΟΛΙΧΗΣ.",218
tlg4089-007,0133,ΙΒᾼ ΕΠΙΣΚΟΠῼ ΕΔΕΣΗΣ.,276
tlg4089-007,0134,ΙΩΑΝΝῌ ΕΠΙΣΚΟΠῼ ΓΕΡΜΑΝΙΚΕΙΑΣ.,278
tlg4089-007,0135,ΘΕΟΚΤΙΣΤῼ ΕΠΙΣΚΟΠῼ ΒΕΡΟΙΑΣ.,429
tlg4089-007,0136,ΡΩΜΥΛῼ ΕΠΙΣΚΟΠῼ,424
tlg4089-007,0137,ΚΥΡῼ ΜΑΓΙΣΤΡΙΑΝῼ.,401
tlg4089-007,0138,ΙΩΑΝΝῌ ΑΡΧΙΜΑΝΔΡΙΤῌ.,295
tlg4089-007,0139,ΑΝΑΤΟΛΙῼ ΠΑΤΡΙΚΙῼ.,630
tlg4089-007,0140,ΑΣΠΑΡΙ ΥΠΑΤΙΚῼ ΚΑΙ ΠΑΤΡΙΚΙῼ.,291
tlg4089-007,0141,ΒΙΓΚΟΜΑΛῼ ΜΑΓΙΣΤΡῼ.,394
tlg4089-007,0142,"ΜΑΡΚΕΛΛῼ ΑΡΧΙΜΑΝΔΡΙΤῌ ΤΩΝ 
ΑΚΟΙΜΗΤΩΝ.",305
tlg4089-007,0143,Τῼ ΑΥΤῼ.,300
tlg4089-007,0144,"ΑΝΔΡΕᾼ ΜΟΝΑΖΟΝΤΙ 
ΚΩΝΣΤΑΝΤΙΝΟΥΠΟΛΕΩΣ.",356
tlg4089-007,0145,ΤΟΙΣ ΣΤΡΑΤΙΩΤΑΙΣ.,1376
tlg4089-007,0146,"ΤΟΙΣ ΕΝ ΚΩΝΣΤΑΝΤΙΝΟΥΠΟΛΕΙ 
ΜΟΝΑΖΟΥΣΙΝ.",3421
tlg4089-007,0147,ΙΩΑΝΝῌ ΟΙΚΟΝΟΜῼ.,4518
tlg2200-001,0001,Κλεάρχῳ.,95
tlg2200-001,0002,Ἐλεβίκῳ.,77
tlg2200-001,0003,Κλεάρχῳ.,27
tlg2200-001,0004,τῷ αὐτῷ.,55
tlg2200-001,0005,Παυλίνῳ.,76
tlg2200-001,0006,Θεμιστίῳ.,39
tlg2200-001,0007,Ἀρισταινέτῳ.,22
tlg2200-001,0008,Ἰταλικιανῷ.,122
tlg2200-001,0009,Μαρτινιανῷ.,87
tlg2200-001,0010,Ἑλλαδίῳ.,69
tlg2200-001,0011,Ἀραξίῳ.,74
tlg2200-001,0012,Ἑορτίῳ.,180
tlg2200-001,0013,Ἰουλιανῷ.,85
tlg2200-001,0014,Πρισκιανῷ.,122
tlg2200-001,0015,Ζηνοβίῳ.,48
tlg2200-001,0016,Θαλασσίῳ.,101
tlg2200-001,0017,Φλωρεντίῳ.,56
tlg2200-001,0018,Καλλιοπίῳ.,165
tlg2200-001,0019,Ἀνατολίῳ.,987
tlg2200-001,0020,Ἀρισταινέτῳ.,255
tlg2200-001,0021,τῷ αὐτῷ.,489
tlg2200-001,0022,Αὐξεντίῳ.,145
tlg2200-001,0023,Δημητρίῳ.,139
tlg2200-001,0024,Γενεσίῳ.,100
tlg2200-001,0025,Ὑγιεινῷ.,292
tlg2200-001,0026,Ἀκακίῳ.,112
tlg2200-001,0027,Μακεδονίῳ.,119
tlg2200-001,0028,Πολυχρονίῳ.,79
tlg2200-001,0029,Παρνασίῳ.,23
tlg2200-001,0030,Δημητρίῳ.,141
tlg2200-001,0031,......,113
tlg2200-001,0032,Ἀδαμαντίῳ.,138
tlg2200-001,0033,Δημητρίῳ.,238
tlg2200-001,0034,Ἰαμβλίχῳ.,176
tlg2200-001,0035,Ἰουλιανῷ.,442
tlg2200-001,0036,Δημητρίῳ.,136
tlg2200-001,0037,Μοδέστῳ.,352
tlg2200-001,0038,τῷ αὐτῷ.,183
tlg2200-001,0039,Οὐρβανῷ.,80
tlg2200-001,0040,Θεμιστίῳ.,315
tlg2200-001,0041,Ἀδαμαντίῳ.,168
tlg2200-001,0042,Ἰφικράτει.,137
tlg2200-001,0043,Λεοντίῳ.,115
tlg2200-001,0044,Ἀκακίῳ.,456
tlg2200-001,0045,Ἐκδικίῳ.,75
tlg2200-001,0046,Μοδέστῳ.,197
tlg2200-001,0047,Δημητρίῳ.,102
tlg2200-001,0048,Φλωρεντίῳ.,193
tlg2200-001,0049,Μοδέστῳ.,258
tlg2200-001,0050,Δημητρίῳ.,324
tlg2200-001,0051,Ὀλυμπίῳ.,124
tlg2200-001,0052,Κλεάρχῳ.,216
tlg2200-001,0053,Μοδέστῳ.,70
tlg2200-001,0054,τῷ αὐτῷ.,105
tlg2200-001,0055,τῷ αὐτῷ.,144
tlg2200-001,0056,Οὐρβανῷ.,84
tlg2200-001,0057,Δημητρίῳ.,37
tlg2200-001,0058,Μοδέστῳ.,88
tlg2200-001,0059,Ἀκακίῳ.,179
tlg2200-001,0060,τῷ αὐτῷ.,89
tlg2200-001,0061,Φλωρεντίῳ.,509
tlg2200-001,0062,Θεμιστίῳ.,406
tlg2200-001,0063,Ἀλβανίῳ.,150
tlg2200-001,0064,Σπεκτάτῳ.,224
tlg2200-001,0065,Ὀλυμπίῳ.,127
tlg2200-001,0066,Θεμιστίῳ.,329
tlg2200-001,0067,Κλεάρχῳ.,169
tlg2200-001,0068,Θεμιστίῳ.,239
tlg2200-001,0069,Ὑγιεινῷ.,90
tlg2200-001,0070,Θεμιστίῳ.,318
tlg2200-001,0071,Φλωρεντίῳ.,78
tlg2200-001,0072,τῷ αὐτῷ.,247
tlg2200-001,0073,Εὐσεβίῳ.,215
tlg2200-001,0074,Σπεκτάτῳ.,133
tlg2200-001,0075,Εὐμολπίῳ.,272
tlg2200-001,0076,Ἀετίῳ.,65
tlg2200-001,0077,Θεμιστίῳ.,132
tlg2200-001,0078,Ὑγιεινῷ.,158
tlg2200-001,0079,Μητερίῳ καὶ Ἀλκίμῳ.,65
tlg2200-001,0080,Ἀνατολίῳ.,329
tlg2200-001,0081,τῷ αὐτῷ.,320
tlg2200-001,0082,Ἀμβροσίῳ.,157
tlg2200-001,0083,Ἀταρβίῳ.,111
tlg2200-001,0084,Μάγνῳ.,90
tlg2200-001,0085,Φλωρεντίῳ.,108
tlg2200-001,0086,Θεμιστίῳ.,231
tlg2200-001,0087,Δομνίωνι.,79
tlg2200-001,0088,Λεοντίῳ.,294
tlg2200-001,0089,Φιλαγρίῳ.,273
tlg2200-001,0090,Κλεάρχῳ.,89
tlg2200-001,0091,Θεμιστίῳ.,139
tlg2200-001,0092,Παρνασίῳ.,72
tlg2200-001,0093,Κρατίνῳ.,153
tlg2200-001,0094,Λεοντίῳ.,66
tlg2200-001,0095,Παννυχίῳ.,517
tlg2200-001,0096,Μοδέστῳ.,140
tlg2200-001,0097,Φλωρεντίῳ.,329
tlg2200-001,0098,Σπεκτάτῳ.,214
tlg2200-001,0099,Θεμιστίῳ.,173
tlg2200-001,0100,Μοδέστῳ.,74
tlg2200-001,0101,τῷ αὐτῷ.,279
tlg2200-001,0102,Οὐρβανῷ.,95
tlg2200-001,0103,Λεοντίῳ.,203
tlg2200-001,0104,Λητοΐῳ.,79
tlg2200-001,0105,Μοδέστῳ.,154
tlg2200-001,0106,Λεοντίῳ.,90
tlg2200-001,0107,Φιλαγρίῳ.,143
tlg2200-001,0108,Μοδέστῳ.,151
tlg2200-001,0109,Δημητρίῳ.,122
tlg2200-001,0110,Μοδέστῳ.,243
tlg2200-001,0111,Ἀρχελάῳ.,91
tlg2200-001,0112,Θεμιστίῳ.,380
tlg2200-001,0113,Φλωρεντίῳ.,256
tlg2200-001,0114,Δατιανῷ.,437
tlg2200-001,0115,Σπεκτάτῳ.,258
tlg2200-001,0116,τῷ αὐτῷ.,130
tlg2200-001,0117,Δομνίνῳ.,141
tlg2200-001,0118,Εὐχρωστίῳ.,136
tlg2200-001,0119,Γαϊανῷ.,457
tlg2200-001,0120,Μακεδονίῳ.,81
tlg2200-001,0121,Ἀκακίῳ.,148
tlg2200-001,0122,Νικεντίῳ.,185
tlg2200-001,0123,Εὐσταθίῳ.,176
tlg2200-001,0124,Φλωρεντίῳ.,87
tlg2200-001,0125,Πρισκιανῷ.,162
tlg2200-001,0126,Εὐαγρίῳ.,144
tlg2200-001,0127,Ἀκακίῳ.,242
tlg2200-001,0128,Δημητρίῳ.,146
tlg2200-001,0129,Ἀδαμαντίῳ.,131
tlg2200-001,0130,Εὐθηρίῳ.,134
tlg2200-001,0131,Φιλαγρίῳ.,61
tlg2200-001,0132,Εὐτοκίῳ.,172
tlg2200-001,0133,Εὐστολίῳ.,66
tlg2200-001,0134,Τῷ αὐτῷ.,114
tlg2200-001,0135,Μαρκελλίνῳ.,58
tlg2200-001,0136,Πρισκιανῷ.,90
tlg2200-001,0137,Ὑπατίῳ.,191
tlg2200-001,0138,Δημητρίῳ.,186
tlg2200-001,0139,Ἀχιλλίῳ.,107
tlg2200-001,0140,Ἀλβανίῳ.,168
tlg2200-001,0141,Μαρκελλίνῳ.,110
tlg2200-001,0142,Πρισκιανῷ.,108
tlg2200-001,0143,Τῷ αὐτῷ.,145
tlg2200-001,0144,Τῷ αὐτῷ.,132
tlg2200-001,0145,Τῷ αὐτῷ.,57
tlg2200-001,0146,Τῷ αὐτῷ.,74
tlg2200-001,0147,Ἐκδικίῳ.,139
tlg2200-001,0148,Ἀκακίῳ.,109
tlg2200-001,0149,Πρισκιανῷ.,126
tlg2200-001,0150,Ἀνδρονίκῳ.,229
tlg2200-001,0151,Τῷ αὐτῷ.,136
tlg2200-001,0152,Πρισκιανῷ.,120
tlg2200-001,0153,Ἀνδρονίκῳ.,145
tlg2200-001,0154,Μοδέστῳ.,108
tlg2200-001,0155,Βασσιανῷ.,115
tlg2200-001,0156,Ἀνδρονίκῳ.,108
tlg2200-001,0157,Ὑπατίῳ.,87
tlg2200-001,0158,Τῷ αὐτῷ.,104
tlg2200-001,0159,Ἀνδρονίκῳ.,174
tlg2200-001,0160,Πρισκιανῷ.,180
tlg2200-001,0161,Οὐρβανῷ.,87
tlg2200-001,0162,Τῷ αὐτῷ.,123
tlg2200-001,0163,Μοδέστῳ.,298
tlg2200-001,0164,Κυρίλλῳ.,182
tlg2200-001,0165,Τῷ αὐτῷ,78
tlg2200-001,0166,Ἀνδρονίκῳ.,60
tlg2200-001,0167,Εὐδαίμονι.,60
tlg2200-001,0168,Μοδέστῳ.,45
tlg2200-001,0169,Ἀνδρονίκῳ.,70
tlg2200-001,0170,Κυρίλλῳ.,74
tlg2200-001,0171,Ζήνωνι.,116
tlg2200-001,0172,Στρατονίκῳ.,108
tlg2200-001,0173,Πρισκιανῷ.,295
tlg2200-001,0174,Τῷ αὐτῷ.,76
tlg2200-001,0175,Ἀνδρονίκῳ.,229
tlg2200-001,0176,Φιλαγρίῳ.,86
tlg2200-001,0177,Θεμιστίῳ.,57
tlg2200-001,0178,Εὐσεβίῳ καὶ Φαύστῳ.,72
tlg2200-001,0179,Πρισκιανῷ.,133
tlg2200-001,0180,Στρατηγίῳ.,107
tlg2200-001,0181,Ἀλβανίῳ.,147
tlg2200-001,0182,Ἀμβροσίῳ.,217
tlg2200-001,0183,Ἀνδρονίκῳ.,143
tlg2200-001,0184,Τῷ αὐτῷ.,205
tlg2200-001,0185,Εὐφημίῳ.,131
tlg2200-001,0186,Δημητρίῳ.,116
tlg2200-001,0187,Στρατωνιανῷ.,132
tlg2200-001,0188,Δημητρίῳ.,136
tlg2200-001,0189,Ἀνδρονίκῳ.,91
tlg2200-001,0190,Ἀκακίῳ.,172
tlg2200-001,0191,Μοδέστῳ.,129
tlg2200-001,0192,Ἀνδρονίκῳ.,407
tlg2200-001,0193,Νικεντίῳ.,123
tlg2200-001,0194,Μοδέστῳ.,127
tlg2200-001,0195,Ἀνδρονίκῳ.,292
tlg2200-001,0196,Μοδέστῳ.,232
tlg2200-001,0197,Τῷ αὐτῷ.,244
tlg2200-001,0198,Ἀνδρονίκῳ.,149
tlg2200-001,0199,Σωφρονίῳ.,84
tlg2200-001,0200,Μοδέστῳ.,153
tlg2200-001,0201,Στρατωνιανῷ.,91
tlg2200-001,0202,Πρισκιανῷ,116
tlg2200-001,0203,Γερμανῷ.,302
tlg2200-001,0204,Ἀνδρονίκῳ.,77
tlg2200-001,0205,Μοδέστῳ.,111
tlg2200-001,0206,Τῷ αὐτῷ.,147
tlg2200-001,0207,Πολυχρονίῳ.,239
tlg2200-001,0208,Ἀμπελίῳ.,229
tlg2200-001,0209,Δομνίωνι.,67
tlg2200-001,0210,Εὐφημίῳ.,178
tlg2200-001,0211,Ἀνατολίῳ.,126
tlg2200-001,0212,Πρισκιανῷ.,144
tlg2200-001,0213,Ἐλπιδίῳ.,212
tlg2200-001,0214,Πρισκιανῷ.,176
tlg2200-001,0215,Ἀμμιανῷ.,203
tlg2200-001,0216,Ἀνδρονίκῳ.,120
tlg2200-001,0217,Τῷ αὐτῷ.,377
tlg2200-001,0218,Εὐσεβίῳ.,360
tlg2200-001,0219,Φλωρεντίῳ.,304
tlg2200-001,0220,Μοδέστῳ.,153
tlg2200-001,0221,Ἀνδρονίκῳ.,220
tlg2200-001,0222,Γερμανῷ.,154
tlg2200-001,0223,Ἰουλιανῷ.,177
tlg2200-001,0224,Ὑπερεχίῳ.,363
tlg2200-001,0225,Ἀνδρονίκῳ.,108
tlg2200-001,0226,Τοῖς Ἐλπιδίου παρέδροις.,280
tlg2200-001,0227,Πολυχρονίῳ.,74
tlg2200-001,0228,Πρισκιανῷ.,60
tlg2200-001,0229,Ἀμμιανῷ.,110
tlg2200-001,0230,Ἀνδρονίκῳ.,155
tlg2200-001,0231,Βασσιανῷ.,134
tlg2200-001,0232,Μοδέστῳ.,119
tlg2200-001,0233,Ἀπολιναρίῳ καὶ Γεμέλλῳ.,176
tlg2200-001,0234,Ἀνδρονίκῳ.,138
tlg2200-001,0235,Μελετίῳ.,112
tlg2200-001,0236,Ἀνδρονίκῳ.,237
tlg2200-001,0237,Πρισκιανῷ.,176
tlg2200-001,0238,Ἰταλικιανῷ.,342
tlg2200-001,0239,Μαξίμῳ.,380
tlg2200-001,0240,Κλεάρχῳ.,234
tlg2200-001,0241,Θεμιστίῳ.,190
tlg2200-001,0242,Μοδέστῳ.,211
tlg2200-001,0243,Δημητρίῳ.,197
tlg2200-001,0244,Πρισκιανῷ.,57
tlg2200-001,0245,Εὐθηρίῳ.,439
tlg2200-001,0246,Φλωρεντίῳ.,105
tlg2200-001,0247,Δημητρίῳ.,95
tlg2200-001,0248,Ἰφικράτει.,184
tlg2200-001,0249,Καισαρίῳ.,132
tlg2200-001,0250,Εὐθηρίῳ.,109
tlg2200-001,0251,Ὁνωράτῳ.,573
tlg2200-001,0252,Θεμιστίῳ.,241
tlg2200-001,0253,Κλεάρχῳ.,146
tlg2200-001,0254,Καισαρίῳ.,200
tlg2200-001,0255,Εὐδαίμονι.,652
tlg2200-001,0256,Πρισκιανῷ.,346
tlg2200-001,0257,Αὐξεντίῳ.,59
tlg2200-001,0258,Δημητρίῳ.,111
tlg2200-001,0259,Εὐθηρίῳ.,69
tlg2200-001,0260,Ἰφικράτει.,105
tlg2200-001,0261,Εὐσεβίῳ.,92
tlg2200-001,0262,Ὑπερεχίῳ.,109
tlg2200-001,0263,Κρισπίνῳ.,118
tlg2200-001,0264,Ὁνωράτῳ.,138
tlg2200-001,0265,Τῷ αὐτῷ.,112
tlg2200-001,0266,Πρισκιανῷ.,60
tlg2200-001,0267,Ἐκδικίῳ.,238
tlg2200-001,0268,Γερμανῷ.,147
tlg2200-001,0269,Εὐθηρίῳ.,236
tlg2200-001,0270,Ὀλυμπίῳ.,165
tlg2200-001,0271,Ἀνδρονίκῳ.,174
tlg2200-001,0272,Τῷ αὐτῷ.,63
tlg2200-001,0273,Εὐσεβίῳ.,98
tlg2200-001,0274,Ἀκακίῳ.,311
tlg2200-001,0275,Μαξίμῳ.,73
tlg2200-001,0276,Μοδέστῳ.,111
tlg2200-001,0277,Τῷ αὐτῷ.,148
tlg2200-001,0278,Δουλκιτίῳ.,193
tlg2200-001,0279,Λεοντίῳ.,129
tlg2200-001,0280,Μαξίμῳ.,80
tlg2200-001,0281,Διανίῳ.,240
tlg2200-001,0282,Ἀλεξάνδρῳ.,223
tlg2200-001,0283,Δημητρίῳ.,253
tlg2200-001,0284,Μαξίμῳ.,103
tlg2200-001,0285,Τῷ αὐτῷ.,163
tlg2200-001,0286,Παλλαδίῳ.,215
tlg2200-001,0287,Μαξίμῳ.,170
tlg2200-001,0288,Τῷ αὐτῷ.,164
tlg2200-001,0289,Ἀκακίῳ.,113
tlg2200-001,0290,Πρισκιανῷ.,45
tlg2200-001,0291,Γεροντίῳ.,73
tlg2200-001,0292,Εὐθηρίῳ.,103
tlg2200-001,0293,Μοδέστῳ.,144
tlg2200-001,0294,Εὐσεβίῳ.,163
tlg2200-001,0295,Ἀνατολίῳ.,93
tlg2200-001,0296,Κυρίλλῳ.,48
tlg2200-001,0297,Λεοντίῳ.,67
tlg2200-001,0298,Ἀκακίῳ.,314
tlg2200-001,0299,Ἀλεξάνδρῳ.,171
tlg2200-001,0300,Ὁνωράτῳ.,213
tlg2200-001,0301,Θεμιστίῳ.,187
tlg2200-001,0302,Εὐφημίῳ.,109
tlg2200-001,0303,Ἀνατολίῳ.,84
tlg2200-001,0304,Ἀπολιναρίῳ καὶ Γεμέλλῳ.,60
tlg2200-001,0305,Πάππῳ.,115
tlg2200-001,0306,Γεροντίῳ.,137
tlg2200-001,0307,Σιδηρίῳ.,94
tlg2200-001,0308,Μοδέστῳ.,130
tlg2200-001,0309,Θεμιστίῳ.,299
tlg2200-001,0310,Ὁνωράτῳ.,219
tlg2200-001,0311,Ἀνατολίῳ.,155
tlg2200-001,0312,Κληματίῳ.,107
tlg2200-001,0313,Εὐμολπίῳ.,52
tlg2200-001,0314,Ἀνατολίῳ.,220
tlg2200-001,0315,Κληματίῳ.,312
tlg2200-001,0316,Ἀκακίῳ.,341
tlg2200-001,0317,Κληματίῳ.,121
tlg2200-001,0318,Σεβαστιανῷ.,169
tlg2200-001,0319,Κυρίλλῳ.,347
tlg2200-001,0320,Μαξίμῳ.,223
tlg2200-001,0321,Κληματίῳ.,88
tlg2200-001,0322,Τῷ αὐτῷ.,100
tlg2200-001,0323,Στρατηγίῳ.,82
tlg2200-001,0324,Ἀλυπίῳ.,143
tlg2200-001,0325,Κληματίῳ.,198
tlg2200-001,0326,Ἀρισταινέτῳ.,263
tlg2200-001,0327,Ἰαμβλίχῳ.,198
tlg2200-001,0328,Ἀρισταινέτῳ.,175
tlg2200-001,0329,Μαξίμῳ.,143
tlg2200-001,0330,Ἀρισταινέτῳ.,248
tlg2200-001,0331,Τῷ αὐτῷ.,315
tlg2200-001,0332,Κληματίῳ.,129
tlg2200-001,0333,Ἀνατολίῳ.,298
tlg2200-001,0334,Κληματίῳ.,223
tlg2200-001,0335,Εὐπατερίῳ.,135
tlg2200-001,0336,Γαϊανῷ.,233
tlg2200-001,0337,Μαξίμῳ.,121
tlg2200-001,0338,Ἀκακίῳ.,216
tlg2200-001,0339,Ἀνατολίῳ.,487
tlg2200-001,0340,Ἀρεσίῳ.,252
tlg2200-001,0341,Δημητρίῳ.,100
tlg2200-001,0342,Σελευκίῳ.,44
tlg2200-001,0343,Κληματίῳ.,189
tlg2200-001,0344,Στρατηγίῳ.,139
tlg2200-001,0345,Ἀκακίῳ.,161
tlg2200-001,0346,Ἱεροκλεῖ.,111
tlg2200-001,0347,Ἐκδικίῳ.,109
tlg2200-001,0348,Ἀνατολίῳ.,567
tlg2200-001,0349,Κληματίῳ.,114
tlg2200-001,0350,Σεβαστιανῷ.,169
tlg2200-001,0351,Φλωρεντίῳ.,196
tlg2200-001,0352,Σπεκτάτῳ.,237
tlg2200-001,0353,Ἀρισταινέτῳ.,160
tlg2200-001,0354,Κληματίῳ.,186
tlg2200-001,0355,Παρνασίῳ.,161
tlg2200-001,0356,Στρατηγίῳ.,144
tlg2200-001,0357,Μαξίμῳ.,190
tlg2200-001,0358,Σπεκτάτῳ.,257
tlg2200-001,0359,Βάσσῳ.,347
tlg2200-001,0360,Ἰαμβλίχῳ.,161
tlg2200-001,0361,Παρνασίῳ.,182
tlg2200-001,0362,Ἀνατολίῳ.,356
tlg2200-001,0363,Τῷ αὐτῷ.,171
tlg2200-001,0364,Ἀρισταινέτῳ.,265
tlg2200-001,0365,Σπεκτάτῳ.,218
tlg2200-001,0366,Βάσσῳ.,226
tlg2200-001,0367,Μοδέστῳ.,192
tlg2200-001,0368,Θεμιστίῳ.,249
tlg2200-001,0369,Ἰουλιανῷ.,559
tlg2200-001,0370,Παύλῳ.,101
tlg2200-001,0371,Ἀκακίῳ.,369
tlg2200-001,0372,Ἀπελλίωνι.,166
tlg2200-001,0373,Ἀκακίῳ.,159
tlg2200-001,0374,Ἀρισταινέτῳ.,391
tlg2200-001,0375,Ἀλκίμῳ.,260
tlg2200-001,0376,Θεμιστίῳ.,260
tlg2200-001,0377,Θαλασσίῳ.,194
tlg2200-001,0378,Στρατηγίῳ.,182
tlg2200-001,0379,Καλυκίῳ.,430
tlg2200-001,0380,Ἱεροκλεῖ.,107
tlg2200-001,0381,Ἀρισταινέτῳ.,203
tlg2200-001,0382,Εὐγνωμονίῳ.,217
tlg2200-001,0383,Μοδέστῳ.,170
tlg2200-001,0384,Τῷ αὐτῷ.,104
tlg2200-001,0385,Ἰαμβλίχῳ.,165
tlg2200-001,0386,Ὁνωράτῳ.,607
tlg2200-001,0387,Θαλασσίῳ.,116
tlg2200-001,0388,Στρατηγίῳ.,166
tlg2200-001,0389,Μοδέστῳ.,118
tlg2200-001,0390,Ἱεροκλεῖ.,632
tlg2200-001,0391,Ἀνατολίῳ.,703
tlg2200-001,0392,Φιλίππῳ.,64
tlg2200-001,0393,Ὑγιεινῷ.,187
tlg2200-001,0394,Ἀραβίῳ.,116
tlg2200-001,0395,Ἀνθίῳ.,116
tlg2200-001,0396,Ἀρισταινέτῳ.,110
tlg2200-001,0397,Ἀλκίμῳ.,137
tlg2200-001,0398,Ἀκακίῳ.,86
tlg2200-001,0399,Ἀνδρονίκῳ.,379
tlg2200-001,0400,Μαντιθέῳ.,274
tlg2200-001,0401,Γυμνασίῳ.,71
tlg2200-001,0402,Θεμιστίῳ.,149
tlg2200-001,0403,Καλλιοπίῳ.,123
tlg2200-001,0404,Ῥητορίῳ.,97
tlg2200-001,0405,Ἀρισταινέτῳ.,682
tlg2200-001,0406,Θεμιστοκλεῖ.,87
tlg2200-001,0407,Θεμιστίῳ.,102
tlg2200-001,0408,Φιλίππῳ.,92
tlg2200-001,0409,Δατιανῷ.,191
tlg2200-001,0410,Καλλιοπίῳ.,219
tlg2200-001,0411,Ἰοβιανῷ.,234
tlg2200-001,0412,Λεωνᾷ.,181
tlg2200-001,0413,Ἰταλικιανῷ.,125
tlg2200-001,0414,Ἀρισταινέτῳ.,73
tlg2200-001,0415,Σιλανῷ.,40
tlg2200-001,0416,Ἀνδρονίκῳ.,30
tlg2200-001,0417,Εὐσεβίῳ.,37
tlg2200-001,0418,Παλλαδίῳ.,22
tlg2200-001,0419,Εὐπάτορι.,83
tlg2200-001,0420,Συγκλητίῳ.,108
tlg2200-001,0421,Ἐλπιδίῳ.,98
tlg2200-001,0422,Ἀπριγγίῳ.,52
tlg2200-001,0423,Ἀνατολίῳ.,105
tlg2200-001,0424,Βακχίῳ.,63
tlg2200-001,0425,Ἀσκληπιῷ.,244
tlg2200-001,0426,......,200
tlg2200-001,0427,Ἀρισταινέτῳ.,124
tlg2200-001,0428,Ἑορτίῳ.,120
tlg2200-001,0429,Φιλίππῳ.,141
tlg2200-001,0430,Ἀρισταινέτῳ.,663
tlg2200-001,0431,Ἀκακίῳ.,93
tlg2200-001,0432,Ἀνδρονίκῳ.,422
tlg2200-001,0433,Σιλανῷ.,167
tlg2200-001,0434,Θεμιστίῳ.,206
tlg2200-001,0435,Ἰοβιανῷ.,585
tlg2200-001,0436,Βαρβατίωνι.,191
tlg2200-001,0437,Εὐσεβίῳ.,129
tlg2200-001,0438,Ἀνατολίῳ.,395
tlg2200-001,0439,Ὀλυμπίῳ.,160
tlg2200-001,0440,Παλλαδίῳ.,168
tlg2200-001,0441,Δατιανῷ.,430
tlg2200-001,0442,Καλλιοπίῳ.,130
tlg2200-001,0443,Εὐσεβίῳ.,66
tlg2200-001,0444,Ἀγησιλάῳ.,49
tlg2200-001,0445,Ἀρισταινέτῳ.,55
tlg2200-001,0446,Ἀνδρονίκῳ.,128
tlg2200-001,0447,Θεμιστίῳ.,70
tlg2200-001,0448,Ἐλπιδίῳ.,69
tlg2200-001,0449,Σπεκτάτῳ.,94
tlg2200-001,0450,Παλλαδίῳ.,68
tlg2200-001,0451,Δατιανῷ.,90
tlg2200-001,0452,Ἐλπιδίῳ.,56
tlg2200-001,0453,Ἡρακλειανῷ.,49
tlg2200-001,0454,Φασγανίῳ.,252
tlg2200-001,0455,Βακχίῳ.,81
tlg2200-001,0456,Καικιλίῳ.,80
tlg2200-001,0457,Ἀμβροσίῳ.,121
tlg2200-001,0458,Ἀλκίμῳ.,104
tlg2200-001,0459,Ἀρισταινέτῳ.,98
tlg2200-001,0460,Λιβανίῳ.,49
tlg2200-001,0461,Ἑλλησποντίῳ.,60
tlg2200-001,0462,Εὐσεβίῳ.,60
tlg2200-001,0463,Θεμιστίῳ.,103
tlg2200-001,0464,Φωτίῳ.,72
tlg2200-001,0465,Ἱερακίῳ.,92
tlg2200-001,0466,Ἱεροκλεῖ.,52
tlg2200-001,0467,Βάσσῳ.,62
tlg2200-001,0468,Μαρκιανῷ.,180
tlg2200-001,0469,Γοργονίῳ.,153
tlg2200-001,0470,Ἠλίᾳ.,120
tlg2200-001,0471,Ἱεροκλεῖ.,43
tlg2200-001,0472,Μητερίῳ.,146
tlg2200-001,0473,Ἀρισταινέτῳ.,220
tlg2200-001,0474,Ἀλκίμῳ.,160
tlg2200-001,0475,Λαμπετίῳ.,135
tlg2200-001,0476,Θεμιστίῳ.,212
tlg2200-001,0477,Ἀνδρονίκῳ.,81
tlg2200-001,0478,Σιλανῷ.,120
tlg2200-001,0479,Ὑγίνῳ.,82
tlg2200-001,0480,Ἀραξίῳ.,160
tlg2200-001,0481,Δημητρίῳ.,282
tlg2200-001,0482,Ἀραξίῳ.,167
tlg2200-001,0483,Θεμιστίῳ.,179
tlg2200-001,0484,Ἀνδρονίκῳ.,64
tlg2200-001,0485,Ὑγίνῳ.,82
tlg2200-001,0486,Σιλανῷ.,63
tlg2200-001,0487,Θεοδώρῳ.,151
tlg2200-001,0488,Ἀδαμαντίῳ.,203
tlg2200-001,0489,Ὀλυμπίῳ.,196
tlg2200-001,0490,Δατιανῷ.,234
tlg2200-001,0491,Βαρβατίωνι.,182
tlg2200-001,0492,Ἀνατολίῳ.,276
tlg2200-001,0493,Ἰουλιανῷ.,235
tlg2200-001,0494,Καλλιοπίῳ.,33
tlg2200-001,0495,Ἀρισταινέτῳ.,256
tlg2200-001,0496,Ἠλίᾳ.,195
tlg2200-001,0497,Στρατηγίῳ.,269
tlg2200-001,0498,Ἀτακτίῳ.,139
tlg2200-001,0499,Σελεύκῳ.,171
tlg2200-001,0500,Μητερίῳ.,144
tlg2200-001,0501,Βασιλείῳ.,84
tlg2200-001,0502,Ὀλυμπίῳ.,175
tlg2200-001,0503,Ἀραξίῳ.,261
tlg2200-001,0504,Ἀρισταινέτῳ.,322
tlg2200-001,0505,Κληματίῳ.,98
tlg2200-001,0506,Ἀνδρονίκῳ.,215
tlg2200-001,0507,Σιλανῷ.,47
tlg2200-001,0508,Θεμιστίῳ.,68
tlg2200-001,0509,Ἀνατολίῳ.,270
tlg2200-001,0510,Φλωρεντίῳ.,232
tlg2200-001,0511,Ὀλυμπίῳ.,121
tlg2200-001,0512,Ἀνατολίῳ.,219
tlg2200-001,0513,Ἀρισταινέτῳ.,93
tlg2200-001,0514,Κληματίῳ.,109
tlg2200-001,0515,Ἀνδρονίκῳ.,211
tlg2200-001,0516,Ἀραξίῳ.,268
tlg2200-001,0517,Ἱεροκλεῖ.,90
tlg2200-001,0518,Ἀρισταινέτῳ.,149
tlg2200-001,0519,Εὐτοκίῳ.,129
tlg2200-001,0520,Σεβαστιανῷ.,89
tlg2200-001,0521,Καταφρονίῳ.,110
tlg2200-001,0522,Ἀνατολίῳ.,93
tlg2200-001,0523,Ὀλυμπίῳ.,73
tlg2200-001,0524,Ἀραξίῳ.,79
tlg2200-001,0525,Σπεκτάτῳ.,88
tlg2200-001,0526,Ἀνατολίῳ.,117
tlg2200-001,0527,Ἱέρακι.,100
tlg2200-001,0528,Δημητρίῳ.,228
tlg2200-001,0529,Εὐφημίῳ.,200
tlg2200-001,0530,Δημοφίλῳ.,79
tlg2200-001,0531,Ἀρισταινέτῳ.,54
tlg2200-001,0532,Φιρμίνῳ.,111
tlg2200-001,0533,Δομνίνῳ.,133
tlg2200-001,0534,Ὀλυμπίῳ.,199
tlg2200-001,0535,Ἀνατολίῳ.,238
tlg2200-001,0536,Καλλιοπίῳ.,158
tlg2200-001,0537,Ἀρισταινέτῳ.,162
tlg2200-001,0538,Σπεκτάτῳ.,76
tlg2200-001,0539,Ὀλυμπίῳ.,99
tlg2200-001,0540,Ἀρσενίῳ.,84
tlg2200-001,0541,Ἀντιόχῳ.,60
tlg2200-001,0542,Εὐμαθίῳ.,191
tlg2200-001,0543,Ἀνδρονίκῳ.,105
tlg2200-001,0544,Ἀντιόχῳ.,173
tlg2200-001,0545,Σπεκτάτῳ.,103
tlg2200-001,0546,Ἐλπιδίῳ.,175
tlg2200-001,0547,Ἑορτίῳ.,61
tlg2200-001,0548,Εὐιππίῳ.,98
tlg2200-001,0549,Ἀνατολίῳ.,209
tlg2200-001,0550,Ἀρισταινέτῳ.,116
tlg2200-001,0551,Θεμιστίῳ.,175
tlg2200-001,0552,Ἀνατολίῳ.,614
tlg2200-001,0553,Ἀνδρονίκῳ.,72
tlg2200-001,0554,Ὀλυμπίῳ καὶ Ἰοβίνῳ.,200
tlg2200-001,0555,Ὀλυμπίῳ.,275
tlg2200-001,0556,Βαρβατίωνι.,196
tlg2200-001,0557,Μυγδονίῳ.,305
tlg2200-001,0558,Μουσωνίῳ.,172
tlg2200-001,0559,Εὐγνωμονίῳ.,193
tlg2200-001,0560,Ἀνδρονίκῳ.,315
tlg2200-001,0561,Ἀρισταινέτῳ.,338
tlg2200-001,0562,Τῷ αὐτῷ.,242
tlg2200-001,0563,Ἀνατολίῳ.,274
tlg2200-001,0564,Κρήσκεντι.,139
tlg2200-001,0565,Φουρτουνατιανῷ.,129
tlg2200-001,0566,Ὀλυμπίῳ.,200
tlg2200-001,0567,Μελινιανῷ.,137
tlg2200-001,0568,Γαΐῳ.,93
tlg2200-001,0569,Ἱεροκλεῖ.,121
tlg2200-001,0570,Μαξίμῳ,70
tlg2200-001,0571,Ἀρισταινέτῳ.,219
tlg2200-001,0572,Γυμνασίῳ.,144
tlg2200-001,0573,Σιλανῷ.,174
tlg2200-001,0574,Ἀνατολίῳ.,214
tlg2200-001,0575,Θεμιστίῳ.,186
tlg2200-001,0576,Βαρβατίωνι.,105
tlg2200-001,0577,Ὀλυμπίῳ καὶ Ἰοβίνῳ.,104
tlg2200-001,0578,Ἀνατολίῳ.,610
tlg2200-001,0579,Ἑορτίῳ.,59
tlg2200-001,0580,Ἀρισταινέτῳ.,231
tlg2200-001,0581,Ὀλυμπίῳ.,163
tlg2200-001,0582,Ἀρισταινέτῳ.,109
tlg2200-001,0583,Ἀνατολίῳ.,131
tlg2200-001,0584,Εὐσεβίῳ.,65
tlg2200-001,0585,Λαυρικίῳ.,94
tlg2200-001,0586,Ἀρισταινέτῳ.,142
tlg2200-001,0587,Ἀλκίμῳ.,128
tlg2200-001,0588,Ἰουλιανῷ.,159
tlg2200-001,0589,Δημητρίῳ.,97
tlg2200-001,0590,Βακχίῳ.,84
tlg2200-001,0591,Ἀρισταινέτῳ.,88
tlg2200-001,0592,Σαβίνῳ.,53
tlg2200-001,0593,Ἰαμβλίχῳ.,91
tlg2200-001,0594,Ἱεροκλεῖ.,36
tlg2200-001,0595,Κληματίῳ.,67
tlg2200-001,0596,Σεβαστιανῷ.,115
tlg2200-001,0597,Κληματίῳ.,67
tlg2200-001,0598,Ἀλκίμῳ.,106
tlg2200-001,0599,Ἰουλιανῷ.,126
tlg2200-001,0600,Διομήδει.,60
tlg2200-001,0601,Ἱερακίῳ.,84
tlg2200-001,0602,Κληματίῳ.,138
tlg2200-001,0603,Μυγδονίῳ.,116
tlg2200-001,0604,Μουσωνίῳ.,299
tlg2200-001,0605,Βακχίῳ.,87
tlg2200-001,0606,Δημητρίῳ.,166
tlg2200-001,0607,Ἰαμβλίχῳ.,145
tlg2200-001,0608,Φιλαγρίῳ.,35
tlg2200-001,0609,Ἐλπιδίῳ.,16
tlg2200-001,0610,Βασιλεῖ Ἰουλιανῷ.,52
tlg2200-001,0611,Δωροθέῳ ἐπισκόπῳ.,25
tlg2200-001,0612,Ἀγαπητῷ.,19
tlg2200-001,0613,Ἰουλιανῷ.,15
tlg2200-001,0614,Εὐθαλίῳ.,25
tlg2200-001,0615,Δημητρίῳ.,179
tlg2200-001,0616,Παλλαδίῳ.,42
tlg2200-001,0617,Μοδέστῳ.,136
tlg2200-001,0618,Εὐφημίῳ.,128
tlg2200-001,0619,Δημητρίῳ.,89
tlg2200-001,0620,Εὐφημίῳ.,475
tlg2200-001,0621,Θεμιστίῳ.,72
tlg2200-001,0622,Ἀκακίῳ.,134
tlg2200-001,0623,Δημητρίῳ,48
tlg2200-001,0624,Μοδέστῳ.,138
tlg2200-001,0625,Πρισκιανῷ.,244
tlg2200-001,0626,Ἀπολιναρίῳ.,112
tlg2200-001,0627,Σωπάτρῳ.,73
tlg2200-001,0628,Φαυστιλλιανῷ.,102
tlg2200-001,0629,Πρισκιανῷ.,77
tlg2200-001,0630,Ἰταλικιανῷ.,124
tlg2200-001,0631,Παλλαδίῳ.,185
tlg2200-001,0632,Γεροντίῳ.,199
tlg2200-001,0633,Εὐδαίμονι.,160
tlg2200-001,0634,Ἀμφιλοχίῳ.,52
tlg2200-001,0635,Θεμιστίῳ.,159
tlg2200-001,0636,Ἀνατολίῳ.,508
tlg2200-001,0637,Ἀπολιναρίῳ καὶ Γεμέλλῳ.,51
tlg2200-001,0638,Ἀγροικίῳ καὶ Εὐσεβίῳ.,85
tlg2200-001,0639,Εὐσεβίῳ.,92
tlg2200-001,0640,Ἀνατολίῳ.,84
tlg2200-001,0641,Τῷ αὐτῷ.,85
tlg2200-001,0642,Ἰταλικιανῷ.,80
tlg2200-001,0643,Πρισκιανῷ.,86
tlg2200-001,0644,Φουρτουνατιανῷ.,108
tlg2200-001,0645,Εὐδοξίῳ.,53
tlg2200-001,0646,Μαξίμῳ.,145
tlg2200-001,0647,Βασιλείῳ.,104
tlg2200-001,0648,Κυρίλλῳ.,99
tlg2200-001,0649,Παλλαδίῳ.,117
tlg2200-001,0650,Φουρτουνατιανῷ.,211
tlg2200-001,0651,Ἀκακίῳ.,253
tlg2200-001,0652,Ἀνατολίῳ.,85
tlg2200-001,0653,Δομνίωνι.,112
tlg2200-001,0654,Δημητρίῳ.,106
tlg2200-001,0655,Φλαβιανῷ.,113
tlg2200-001,0656,Μαξίμῳ.,169
tlg2200-001,0657,Ἀκακίῳ.,98
tlg2200-001,0658,Τῷ αὐτῷ.,288
tlg2200-001,0659,Ἰταλικιανῷ.,270
tlg2200-001,0660,Λυσιμάχῳ.,154
tlg2200-001,0661,Φουρτουνατιανῷ.,152
tlg2200-001,0662,Σαρπηδόνι.,100
tlg2200-001,0663,Σωπάτρῳ.,186
tlg2200-001,0664,Θεμιστίῳ.,154
tlg2200-001,0665,Ἰταλικιανῷ.,188
tlg2200-001,0666,Τῷ αὐτῷ.,261
tlg2200-001,0667,Θεμιστίῳ.,174
tlg2200-001,0668,Κλεάρχῳ.,154
tlg2200-001,0669,Εὐσεβίῳ.,147
tlg2200-001,0670,Οὐλπιανῷ.,145
tlg2200-001,0671,Ἀμφιλοχίῳ.,78
tlg2200-001,0672,Μενάνδρῳ.,151
tlg2200-001,0673,Ἰουλιανῷ.,317
tlg2200-001,0674,Ἀνατολίῳ.,126
tlg2200-001,0675,Μάγνῳ.,65
tlg2200-001,0676,Σαρπηδόνι.,141
tlg2200-001,0677,Μαριανῇ.,80
tlg2200-001,0678,Ἰουλιανῷ.,94
tlg2200-001,0679,Βασσιανῷ.,77
tlg2200-001,0680,Πολυχρονίῳ.,129
tlg2200-001,0681,Φιλαγρίῳ.,60
tlg2200-001,0682,Ἡλιοδώρῳ.,82
tlg2200-001,0683,Ἀνατολίῳ.,69
tlg2200-001,0684,Διοδότῳ.,42
tlg2200-001,0685,Ἀκακίῳ.,208
tlg2200-001,0686,Κυρίλλῳ.,55
tlg2200-001,0687,Μενάνδρῳ.,26
tlg2200-001,0688,Μαξίμῳ.,114
tlg2200-001,0689,Ἰουλιανῷ.,76
tlg2200-001,0690,Κυρίλλῳ.,74
tlg2200-001,0691,Πολυχρονίῳ.,147
tlg2200-001,0692,Αὐξεντίῳ.,78
tlg2200-001,0693,Χρωματίῳ.,230
tlg2200-001,0694,Μαξίμῳ.,372
tlg2200-001,0695,Ἀκακίῳ.,351
tlg2200-001,0696,Κέλσῳ.,328
tlg2200-001,0697,Σελεύκῳ.,150
tlg2200-001,0698,Ὀβοδιανῷ.,172
tlg2200-001,0699,Κέλσῳ.,147
tlg2200-001,0700,Πολυχρονίῳ.,72
tlg2200-001,0701,Ἰουλιανῷ.,148
tlg2200-001,0702,Ὀβοδιανῷ.,109
tlg2200-001,0703,Κέλσῳ.,84
tlg2200-001,0704,Ὑπερεχίῳ.,222
tlg2200-001,0705,Ἀπολιναρίῳ.,126
tlg2200-001,0706,Ἑορτίῳ.,29
tlg2200-001,0707,Σατορνίνῳ.,55
tlg2200-001,0708,Παρθενίῳ.,50
tlg2200-001,0709,Δημητρίῳ.,75
tlg2200-001,0710,Βακχίῳ.,152
tlg2200-001,0711,Πολυχρονίῳ.,69
tlg2200-001,0712,Βακχίῳ.,124
tlg2200-001,0713,Λεοντίῳ.,89
tlg2200-001,0714,Κέλσῳ.,52
tlg2200-001,0715,Τῷ αὐτῷ.,283
tlg2200-001,0716,Τῷ αὐτῷ.,188
tlg2200-001,0717,Τῷ αὐτῷ.,51
tlg2200-001,0718,Τῷ αὐτῷ.,98
tlg2200-001,0719,Ἀκακίῳ.,88
tlg2200-001,0720,Διοφάντῳ.,127
tlg2200-001,0721,Ἀμμωνίῳ.,91
tlg2200-001,0722,Κέλσῳ.,168
tlg2200-001,0723,Τῷ αὐτῷ.,60
tlg2200-001,0724,Ἡσυχίῳ.,179
tlg2200-001,0725,Ἰουλιανῷ.,82
tlg2200-001,0726,Ῥουφίνῳ.,222
tlg2200-001,0727,Δημητρίῳ.,147
tlg2200-001,0728,Ἀρείονι.,132
tlg2200-001,0729,Παγκρατίῳ.,81
tlg2200-001,0730,Ἀλβανίῳ.,239
tlg2200-001,0731,Ὑπερεχίῳ.,369
tlg2200-001,0732,Ἀκακίῳ.,278
tlg2200-001,0733,Ἀετίῳ.,151
tlg2200-001,0734,Ἀλεξάνδρᾳ.,211
tlg2200-001,0735,Ἀκακίῳ.,354
tlg2200-001,0736,Κέλσῳ.,187
tlg2200-001,0737,Πάππῳ.,152
tlg2200-001,0738,Δημητρίῳ.,184
tlg2200-001,0739,Ἀνατολίῳ.,230
tlg2200-001,0740,Ἰουλιανῷ.,70
tlg2200-001,0741,Ἀταρβίῳ.,422
tlg2200-001,0742,Κέλσῳ.,179
tlg2200-001,0743,Τῷ αὐτῷ.,119
tlg2200-001,0744,Δημητρίῳ.,182
tlg2200-001,0745,Ἐκδικίῳ.,122
tlg2200-001,0746,Κέλσῳ.,118
tlg2200-001,0747,Βηλαίῳ.,183
tlg2200-001,0748,Μάγνῳ.,169
tlg2200-001,0749,Λεοντίῳ.,131
tlg2200-001,0750,Ἀταρβίῳ.,220
tlg2200-001,0751,Δημητρίῳ.,56
tlg2200-001,0752,Ἀκακίῳ.,97
tlg2200-001,0753,Ὑπερεχίῳ.,72
tlg2200-001,0754,Ἀκακίῳ.,325
tlg2200-001,0755,Κυρίλλῳ.,100
tlg2200-001,0756,Βοσπορίῳ.,325
tlg2200-001,0757,Βακχίῳ.,135
tlg2200-001,0758,Ἰουλιανῷ αὐτοκράτορι.,299
tlg2200-001,0759,Ἱερίῳ.,125
tlg2200-001,0760,Ἰουλιανῷ αὐτοκράτορι.,69
tlg2200-001,0761,Μαξίμῳ.,64
tlg2200-001,0762,Βηλαίῳ.,194
tlg2200-001,0763,Τῷ αὐτῷ.,281
tlg2200-001,0764,Καισαρίῳ.,198
tlg2200-001,0765,Διοφάντῳ.,86
tlg2200-001,0766,Ἱερακίῳ.,76
tlg2200-001,0767,Μαξίμῳ.,131
tlg2200-001,0768,Πομπηιανῷ.,139
tlg2200-001,0769,Ἀετίῳ.,132
tlg2200-001,0770,Σελεύκῳ.,231
tlg2200-001,0771,Ἀλεξάνδρᾳ.,113
tlg2200-001,0772,Ἀλεξάνδρῳ.,96
tlg2200-001,0773,Ἐντρεχίῳ.,336
tlg2200-001,0774,Δημητρίῳ.,94
tlg2200-001,0775,Σευήρῳ.,150
tlg2200-001,0776,Βηλαίῳ.,132
tlg2200-001,0777,Ὑπερεχίῳ.,324
tlg2200-001,0778,Ἀσκληπιῷ.,128
tlg2200-001,0779,Μαξίμῳ.,246
tlg2200-001,0780,Γαϊανῷ.,219
tlg2200-001,0781,Ἀθανασίῳ.,135
tlg2200-001,0782,Γαΐῳ.,187
tlg2200-001,0783,Κέλσῳ.,138
tlg2200-001,0784,Ἀταρβίῳ.,179
tlg2200-001,0785,Δημητρίῳ.,105
tlg2200-001,0786,Βασσιανῷ.,187
tlg2200-001,0787,Κέλσῳ.,141
tlg2200-001,0788,Τῷ αὐτῷ.,69
tlg2200-001,0789,Τῷ αὐτῷ.,115
tlg2200-001,0790,Μαξίμῳ.,81
tlg2200-001,0791,Τῷ αὐτῷ.,228
tlg2200-001,0792,Ὑπερεχίῳ.,183
tlg2200-001,0793,Θεμιστίῳ.,227
tlg2200-001,0794,Ἀλβανίῳ.,65
tlg2200-001,0795,Δημητρίῳ.,113
tlg2200-001,0796,Ἱέρακι.,244
tlg2200-001,0797,Ἀντιπάτρῳ.,372
tlg2200-001,0798,Θεοδώρῳ.,119
tlg2200-001,0799,Γαϊανῷ.,235
tlg2200-001,0800,Τῷ αὐτῷ.,162
tlg2200-001,0801,Ἰαμβλίχῳ.,217
tlg2200-001,0802,Ἰουλιανῷ αὐτοκράτορι.,366
tlg2200-001,0803,Κωνσταντίῳ.,236
tlg2200-001,0804,Μοδέστῳ.,192
tlg2200-001,0805,Μαξίμῳ.,119
tlg2200-001,0806,Ἀπολιναρίῳ καὶ Γεμέλλῳ.,123
tlg2200-001,0807,Μοδέστῳ.,84
tlg2200-001,0808,Μαξίμῳ.,287
tlg2200-001,0809,Εὐαγόρᾳ.,125
tlg2200-001,0810,Νικοκλεῖ.,413
tlg2200-001,0811,Ἰουλιανῷ αὐτοκράτορι.,226
tlg2200-001,0812,Κλεάρχῳ.,61
tlg2200-001,0813,Δημητρίῳ.,84
tlg2200-001,0814,Μαξίμῳ.,254
tlg2200-001,0815,Ἀκακίῳ.,134
tlg2200-001,0816,Νικοκλεῖ.,87
tlg2200-001,0817,Μοδέστῳ.,72
tlg2200-001,0818,Θεμιστίῳ.,199
tlg2200-001,0819,Βηλαίῳ.,390
tlg2200-001,0820,Ἀταρβίῳ.,150
tlg2200-001,0821,Μοδέστῳ.,79
tlg2200-001,0822,Παρνασίῳ.,75
tlg2200-001,0823,Πρόκλῳ.,120
tlg2200-001,0824,Δημητρίῳ.,103
tlg2200-001,0825,Ῥουφίνῳ.,171
tlg2200-001,0826,Γαΐῳ.,186
tlg2200-001,0827,Μοδέστῳ.,142
tlg2200-001,0828,Γαϊανῷ.,213
tlg2200-001,0829,Λεοντίῳ.,79
tlg2200-001,0830,Μαξίμῳ.,77
tlg2200-001,0831,Μοδέστῳ.,168
tlg2200-001,0832,Νικοκλεῖ.,65
tlg2200-001,0833,Ἀλβανίῳ.,243
tlg2200-001,0834,Μαξίμῳ.,220
tlg2200-001,0835,Ἐντρεχίῳ.,315
tlg2200-001,0836,Μεμορίῳ.,83
tlg2200-001,0837,Διονυσίῳ.,122
tlg2200-001,0838,Ἀλεξάνδρῳ.,396
tlg2200-001,0839,Δεκεντίῳ.,127
tlg2200-001,0840,Τατιανῷ.,224
tlg2200-001,0841,Ἀντιόχῳ.,135
tlg2200-001,0842,Θεοδώρῳ.,227
tlg2200-001,0843,Μάγνῳ.,178
tlg2200-001,0844,Εὐσεβίῳ.,227
tlg2200-001,0845,Μαρδονίῳ.,262
tlg2200-001,0846,Εὐσεβίῳ.,240
tlg2200-001,0847,Πρόκλῳ.,170
tlg2200-001,0848,Θεοδώρῳ.,69
tlg2200-001,0849,Ἀντιόχῳ.,37
tlg2200-001,0850,Εὐσεβίῳ.,149
tlg2200-001,0851,Τατιανῷ.,213
tlg2200-001,0852,Πρόκλῳ.,165
tlg2200-001,0853,Μαρδονίῳ.,158
tlg2200-001,0854,Εὐσεβίῳ.,127
tlg2200-001,0855,Τατιανῷ.,167
tlg2200-001,0856,Πρόκλῳ.,80
tlg2200-001,0857,Σατορνίνῳ.,159
tlg2200-001,0858,Εὐσεβίῳ.,150
tlg2200-001,0859,Οὔρσῳ.,179
tlg2200-001,0860,Διογένει.,135
tlg2200-001,0861,Πανελληνίῳ.,145
tlg2200-001,0862,Ἀργείῳ.,186
tlg2200-001,0863,Πανελληνίῳ.,203
tlg2200-001,0864,Εὐτυχιανῷ.,145
tlg2200-001,0865,Ῥουφίνῳ.,265
tlg2200-001,0866,Ῥιχομήρει.,160
tlg2200-001,0867,Προμότῳ.,187
tlg2200-001,0868,Ἐλεβίκῳ.,208
tlg2200-001,0869,Ἀντιοχιανῷ.,107
tlg2200-001,0870,Εὐσεβίῳ.,164
tlg2200-001,0871,Τατιανῷ.,182
tlg2200-001,0872,Τῷ αὐτῷ.,353
tlg2200-001,0873,Εὐσεβίῳ.,126
tlg2200-001,0874,Πρόκλῳ.,129
tlg2200-001,0875,Θεοδώρῳ.,87
tlg2200-001,0876,Ἀντιόχῳ.,132
tlg2200-001,0877,Κελσίνῳ.,220
tlg2200-001,0878,Φωτίῳ.,111
tlg2200-001,0879,Σευηρίνῳ.,134
tlg2200-001,0880,Πέτρῳ.,127
tlg2200-001,0881,Ἀνθηρίῳ.,86
tlg2200-001,0882,Ἀφρικανῷ.,120
tlg2200-001,0883,Σωφρονίῳ.,140
tlg2200-001,0884,Ἐλεβίκῳ.,125
tlg2200-001,0885,Πρόκλῳ.,130
tlg2200-001,0886,Εὐσεβίῳ.,160
tlg2200-001,0887,Παλλαδίῳ.,147
tlg2200-001,0888,Εὐψυχίῳ.,136
tlg2200-001,0889,Βρασίδᾳ.,281
tlg2200-001,0890,Τοῖς πρέσβεσιν.,54
tlg2200-001,0891,Φωτίῳ.,38
tlg2200-001,0892,Γεσσίῳ.,152
tlg2200-001,0893,Εὐσεβίῳ.,36
tlg2200-001,0894,Ἡσυχίῳ.,94
tlg2200-001,0895,Λεοντίῳ.,251
tlg2200-001,0896,Ἀρισταινέτῳ.,151
tlg2200-001,0897,Σατορνίνῳ.,297
tlg2200-001,0898,Ἐλεβίκῳ.,182
tlg2200-001,0899,Τατιανῷ.,151
tlg2200-001,0900,Ἡρακλείτῳ.,105
tlg2200-001,0901,Ἐντρεχίῳ.,278
tlg2200-001,0902,Εὐσεβίῳ.,92
tlg2200-001,0903,Θεοδώρῳ.,94
tlg2200-001,0904,Εὐσεβίῳ.,137
tlg2200-001,0905,Θεοδώρῳ.,178
tlg2200-001,0906,Πρόκλῳ.,119
tlg2200-001,0907,Ἀβουργίῳ.,269
tlg2200-001,0908,Μαρδονίῳ.,114
tlg2200-001,0909,Τατιανῷ.,166
tlg2200-001,0910,Ἀρτεμίῳ.,170
tlg2200-001,0911,Κελσίνῳ.,281
tlg2200-001,0912,Σεβαστιανῷ.,66
tlg2200-001,0913,Ἐπιφανίῳ.,143
tlg2200-001,0914,Τῷ πατριάρχῃ.,113
tlg2200-001,0915,Εὐσταθίῳ.,89
tlg2200-001,0916,Φιλαγρίῳ.,155
tlg2200-001,0917,Τῷ πατριάρχῃ.,44
tlg2200-001,0918,Εὐσεβίῳ.,69
tlg2200-001,0919,Θεοδώρῳ.,109
tlg2200-001,0920,Φωτίῳ.,47
tlg2200-001,0921,Ἀβλαβίῳ.,204
tlg2200-001,0922,Πρόκλῳ.,146
tlg2200-001,0923,Ὀπτάτῳ.,137
tlg2200-001,0924,Σωφρονίῳ.,242
tlg2200-001,0925,Ἐλεβίκῳ.,179
tlg2200-001,0926,Εὐσεβίῳ.,212
tlg2200-001,0927,Θεοδώρῳ.,162
tlg2200-001,0928,Ἀνατολίῳ.,84
tlg2200-001,0929,Προκοπίῳ.,182
tlg2200-001,0930,Βιταλίῳ.,216
tlg2200-001,0931,Ἀφρικανῷ.,178
tlg2200-001,0932,Ἰοβιανῷ.,169
tlg2200-001,0933,Εὐστοχίῳ.,154
tlg2200-001,0934,Πρισκίωνι.,126
tlg2200-001,0935,Ἰούλλῳ.,66
tlg2200-001,0936,Πρισκιανῷ.,93
tlg2200-001,0937,Κοσμᾷ καὶ Εὐγενίῳ.,70
tlg2200-001,0938,Πρόκλῳ.,205
tlg2200-001,0939,Πρισκιανῷ.,160
tlg2200-001,0940,Πρόκλῳ.,167
tlg2200-001,0941,Τατιανῷ.,98
tlg2200-001,0942,Θεοδώρῳ.,111
tlg2200-001,0943,Παλλαδίῳ.,121
tlg2200-001,0944,Λεοντίῳ.,104
tlg2200-001,0945,Σευηρίνῳ.,220
tlg2200-001,0946,Ἡσυχίῳ.,201
tlg2200-001,0947,Πρίσκῳ.,319
tlg2200-001,0948,Ἀντιόχῳ.,153
tlg2200-001,0949,Ἰουλιανῷ.,224
tlg2200-001,0950,Στρατηγίῳ.,184
tlg2200-001,0951,Θαλασσίῳ.,98
tlg2200-001,0952,Πρόκλῳ.,110
tlg2200-001,0953,Εὐσεβίῳ.,92
tlg2200-001,0954,Ἀρχελάῳ.,148
tlg2200-001,0955,Πανηγυρίῳ.,179
tlg2200-001,0956,Πρισκίωνι.,139
tlg2200-001,0957,Σαπώρῃ.,296
tlg2200-001,0958,Εὐσεβίῳ.,156
tlg2200-001,0959,Τατιανῷ.,337
tlg2200-001,0960,Ἀβουργίῳ.,119
tlg2200-001,0961,Παύλῳ.,137
tlg2200-001,0962,Σωπόλιδι.,218
tlg2200-001,0963,Σιβουρίῳ.,191
tlg2200-001,0964,Ἱεροφάντῃ.,213
tlg2200-001,0965,Κλήμεντι.,234
tlg2200-001,0966,Ἀπολιναρίῳ καὶ Γεμέλλῳ.,60
tlg2200-001,0967,Πρόκλῳ.,100
tlg2200-001,0968,Δομετίῳ.,89
tlg2200-001,0969,Ἡρακλειανῷ.,206
tlg2200-001,0970,Πρόκλῳ.,156
tlg2200-001,0971,Φωτίῳ.,103
tlg2200-001,0972,Ῥιχομήρει.,245
tlg2200-001,0973,Τῷ πατριάρχῃ.,112
tlg2200-001,0974,Τῷ αὐτῷ.,100
tlg2200-001,0975,Σιβουρίῳ.,68
tlg2200-001,0976,Πρισκίωνι.,152
tlg2200-001,0977,Εὐσεβίῳ.,153
tlg2200-001,0978,Ἐλευσινίῳ.,144
tlg2200-001,0979,Εὐτροπίῳ.,242
tlg2200-001,0980,Σευηρίνῳ.,235
tlg2200-001,0981,Ἀνυσίῳ.,153
tlg2200-001,0982,Σιβουρίῳ.,100
tlg2200-001,0983,Τῷ αὐτῷ.,54
tlg2200-001,0984,Πρισκίωνι.,79
tlg2200-001,0985,Φιλαγρίῳ.,98
tlg2200-001,0986,Κλήμεντι.,168
tlg2200-001,0987,Τατιανῷ.,321
tlg2200-001,0988,Πρισκίωνι.,222
tlg2200-001,0989,Σιβουρίῳ.,222
tlg2200-001,0990,Τατιανῷ.,280
tlg2200-001,0991,Πρόκλῳ.,131
tlg2200-001,0992,Τατιανῷ.,210
tlg2200-001,0993,Ἡρακλείῳ.,142
tlg2200-001,0994,Κύρῳ.,133
tlg2200-001,0995,Ἡσυχίῳ.,195
tlg2200-001,0996,Παρθενοπαίῳ.,112
tlg2200-001,0997,Τοῖς φίλοις.,125
tlg2200-001,0998,Σκυλακίῳ.,142
tlg2200-001,0999,Σευηριανῷ.,233
tlg2200-001,1000,Σευηρίνῳ.,255
tlg2200-001,1001,Ἀνατολίῳ.,151
tlg2200-001,1002,Ἡρακλείῳ.,268
tlg2200-001,1003,Τῷ αὐτῷ.,172
tlg2200-001,1004,Συμμάχῳ.,500
tlg2200-001,1005,Φήλικι.,86
tlg2200-001,1006,Ἀνατολίῳ.,275
tlg2200-001,1007,Ῥιχομήρει.,304
tlg2200-001,1008,Ἀργείῳ.,163
tlg2200-001,1009,Παρθενοπαίῳ.,119
tlg2200-001,1010,Μαξεντίῳ.,289
tlg2200-001,1011,Ἀργείῳ.,148
tlg2200-001,1012,Φακτινιανῷ.,190
tlg2200-001,1013,Κυρίνῳ.,115
tlg2200-001,1014,Παλλαδίῳ.,140
tlg2200-001,1015,Ἀβλαβίῳ.,116
tlg2200-001,1016,Ἀβουργίῳ.,304
tlg2200-001,1017,Λητοΐῳ.,147
tlg2200-001,1018,Προσδοκίῳ.,375
tlg2200-001,1019,Ἡρακλείῳ.,241
tlg2200-001,1020,Ζηνοδότῳ.,196
tlg2200-001,1021,Τατιανῷ.,199
tlg2200-001,1022,Πρόκλῳ.,159
tlg2200-001,1023,Ἀνατολίῳ.,213
tlg2200-001,1024,Ῥιχομήρει.,308
tlg2200-001,1025,Ἀνατολίῳ.,117
tlg2200-001,1026,Καπιτωλίνῳ.,246
tlg2200-001,1027,Τῷ αὐτῷ.,102
tlg2200-001,1028,Πρόκλῳ.,75
tlg2200-001,1029,Ἀνυσίῳ.,180
tlg2200-001,1030,Ἀκύλᾳ.,55
tlg2200-001,1031,Πολυχρονίῳ.,56
tlg2200-001,1032,Καπιτωλίνῳ.,171
tlg2200-001,1033,Παλλαδίῳ.,123
tlg2200-001,1034,Ζηνοδότῳ.,133
tlg2200-001,1035,Βόνῳ.,156
tlg2200-001,1036,Ποστουμιανῷ.,440
tlg2200-001,1037,Γαΐῳ.,170
tlg2200-001,1038,Ἰούλλῳ.,317
tlg2200-001,1039,Πολεμίῳ.,248
tlg2200-001,1040,Ἡσυχίῳ.,77
tlg2200-001,1041,Τῷ αὐτῷ.,85
tlg2200-001,1042,Γεσσίῳ.,294
tlg2200-001,1043,Ἀρισταινέτῳ.,204
tlg2200-001,1044,Λεοντίῳ.,171
tlg2200-001,1045,Χρύσῃ.,196
tlg2200-001,1046,Λεοντίῳ.,144
tlg2200-001,1047,Αὐσονίῳ.,44
tlg2200-001,1048,Φιρμίνῳ.,383
tlg2200-001,1049,Ἀδελφίῳ.,179
tlg2200-001,1050,Χρύσῃ.,302
tlg2200-001,1051,Ἀρισταινέτῳ.,449
tlg2200-001,1052,Ζήνωνι.,198
tlg2200-001,1053,Πρισκίωνι.,287
tlg2200-001,1054,Δημονίκῳ.,40
tlg2200-001,1055,Τῷ αὐτῷ.,55
tlg2200-001,1056,Γεμέλλῳ.,64
tlg2200-001,1057,Μοδεράτῳ.,193
tlg2200-001,1058,Βρασίδᾳ.,220
tlg2200-001,1059,Μοδεράτῳ.,215
tlg2200-001,1060,Βακουρίῳ.,249
tlg2200-001,1061,Ζήνωνι.,411
tlg2200-001,1062,Ἀδδαίῳ.,96
tlg2200-001,1063,Μαρκελλίνῳ.,310
tlg2200-001,1064,Ἀρισταινέτῳ.,254
tlg2200-001,1065,Ἀφθονίῳ.,184
tlg2200-001,1066,Φιρμίνῳ.,183
tlg2200-001,1067,Ἱλαρίῳ.,127
tlg2200-001,1068,Πορφυρίῳ.,86
tlg2200-001,1069,Ἀσυγκριτίῳ.,77
tlg2200-001,1070,Μαρίνῳ.,94
tlg2200-001,1071,Ἀρισταινέτῳ.,98
tlg2200-001,1072,Λεοντίῳ.,50
tlg2200-001,1073,Ἀνατολίῳ.,69
tlg2200-001,1074,Βρασίδᾳ.,112
tlg2200-001,1075,Θεοφίλῳ.,232
tlg2200-001,1076,Πρίσκῳ.,64
tlg2200-001,1077,Εὐθαλίῳ.,30
tlg2200-001,1078,Εὐσεβίῳ.,27
tlg2200-001,1079,Φιλαγρίῳ.,57
tlg2200-001,1080,Παιωνίῳ.,334
tlg2200-001,1081,Λεοντίῳ.,317
tlg2200-001,1082,Ἡσυχίῳ.,63
tlg2200-001,1083,Ἰουλιανῷ.,175
tlg2200-001,1084,〈Τῷ〉 πατριάρχῃ.,148
tlg2200-001,1085,Πρισκίωνι.,148
tlg2200-001,1086,Θεοδώρῳ.,57
tlg2200-001,1087,Ἀρισταινέτῳ.,130
tlg2200-001,1088,Ἀσυγκριτίῳ καὶ Ἑλλαδίῳ.,36
tlg2200-001,1089,Παντειχίῳ.,70
tlg2200-001,1090,Ἡσυχίῳ.,85
tlg2200-001,1091,Ἀνδροκλείῳ.,131
tlg2200-001,1092,Ἀρισταινέτῳ.,77
tlg2200-001,1093,Οὐρανιανῷ.,221
tlg2200-001,1094,Εὐσεβίῳ καὶ Θεοδότῳ.,52
tlg2200-001,1095,Ἀπολλωνίδῃ.,85
tlg2200-001,1096,Γεμέλλῳ.,69
tlg2200-001,1097,Τοῖς πατριάρχαις.,145
tlg2200-001,1098,Τῷ αὐτῷ.,78
tlg2200-001,1099,Πρίσκῳ.,100
tlg2200-001,1100,Ῥωμυλιανῷ.,176
tlg2200-001,1101,Μεγεθίῳ.,80
tlg2200-001,1102,Δομετιανῷ.,70
tlg2200-001,1103,Αἰακῷ.,77
tlg2200-001,1104,Οὐαράνῃ.,123
tlg2200-001,1105,Τῷ πατριάρχῃ.,104
tlg2200-001,1106,〈Ῥουφίνῳ〉.,461
tlg2200-001,1107,Ἰασίῳ.,40
tlg2200-001,1108,Γεμέλλῳ.,103
tlg2200-001,1109,Ὀπτάτῳ.,150
tlg2200-001,1110,Ἀρισταινέτῳ.,263
tlg2200-001,1111,Βρασίδᾳ.,279
tlg2200-001,1112,Εὐτροπίῳ.,84
tlg2200-001,1113,Καισαρίῳ.,206
tlg2200-001,1114,Τῷ αὐτῷ.,252
tlg2200-001,1115,Δατιανῷ.,297
tlg2200-001,1116,Ὑπερεχίῳ.,52
tlg2200-001,1117,Τευτομήρῃ.,92
tlg2200-001,1118,Πρισκιανῷ.,184
tlg2200-001,1119,Νικοκλεῖ.,208
tlg2200-001,1120,Ἐλπιδίῳ.,203
tlg2200-001,1121,Ἀκακίῳ.,145
tlg2200-001,1122,Ἱερίῳ.,128
tlg2200-001,1123,Τῷ αὐτῷ.,132
tlg2200-001,1124,Μαρίῳ.,129
tlg2200-001,1125,Θεοδώρῳ.,83
tlg2200-001,1126,......,35
tlg2200-001,1127,Οὐλπιανῷ.,290
tlg2200-001,1128,Δημητρίῳ.,128
tlg2200-001,1129,Πρισκιανῷ.,60
tlg2200-001,1130,Ἰουλιανῷ.,217
tlg2200-001,1131,Δομνίωνι.,72
tlg2200-001,1132,Εὐαγόρᾳ.,70
tlg2200-001,1133,Παλλαδίῳ.,159
tlg2200-001,1134,Θεοδώρῳ.,113
tlg2200-001,1135,Μαρίῳ.,72
tlg2200-001,1136,Πρισκιανῷ.,35
tlg2200-001,1137,Εὐστολίῳ.,51
tlg2200-001,1138,Μαρκελλίνῳ.,45
tlg2200-001,1139,Γεροντίῳ.,60
tlg2200-001,1140,Σωπάτρῳ.,67
tlg2200-001,1141,Μάγνῳ.,56
tlg2200-001,1142,Μαρίῳ.,61
tlg2200-001,1143,Θεοδώρῳ.,31
tlg2200-001,1144,Φουρτουνατιανῷ.,99
tlg2200-001,1145,Δομνίωνι.,135
tlg2200-001,1146,Θεοδότῳ.,120
tlg2200-001,1147,Καισαρίῳ.,114
tlg2200-001,1148,Ἰοβίνῳ.,149
tlg2200-001,1149,Μαξίμῳ.,73
tlg2200-001,1150,Δατιανῷ.,170
tlg2200-001,1151,Παλλαδίῳ.,77
tlg2200-001,1152,Τῷ αὐτῷ.,62
tlg2200-001,1153,Τῷ αὐτῷ.,80
tlg2200-001,1154,Ἰουλιανῷ.,200
tlg2200-001,1155,Οὐλπιανῷ.,247
tlg2200-001,1156,Ἐλπιδίῳ.,68
tlg2200-001,1157,Φουρτουνατιανῷ.,118
tlg2200-001,1158,Πρισκιανῷ.,116
tlg2200-001,1159,Οὐλπιανῷ.,167
tlg2200-001,1160,Σωπάτρῳ καὶ Εὐστολίῳ.,237
tlg2200-001,1161,Μαρκελλίνῳ.,41
tlg2200-001,1162,Σωπάτρῳ.,41
tlg2200-001,1163,Μαρκελλίνῳ.,221
tlg2200-001,1164,Δᾳδουχίῳ.,102
tlg2200-001,1165,Ἀρείονι.,156
tlg2200-001,1166,Φλώρῳ.,67
tlg2200-001,1167,Κέλσῳ.,133
tlg2200-001,1168,Παλλαδίῳ.,130
tlg2200-001,1169,Ἐντρεχίῳ.,205
tlg2200-001,1170,Μαρίῳ.,155
tlg2200-001,1171,Δομνίνῳ.,126
tlg2200-001,1172,Σωπάτρῳ.,218
tlg2200-001,1173,Δατιανῷ.,144
tlg2200-001,1174,Ἀκακίῳ.,228
tlg2200-001,1175,Λητοΐῳ.,165
tlg2200-001,1176,Κέλσῳ.,119
tlg2200-001,1177,Μενάνδρῳ.,184
tlg2200-001,1178,Καστρικίῳ.,114
tlg2200-001,1179,Κλεάρχῳ.,218
tlg2200-001,1180,Ἐλπιδίῳ.,179
tlg2200-001,1181,Ἀτακτίῳ.,50
tlg2200-001,1182,Θεοδώρῳ.,226
tlg2200-001,1183,Ἱερίῳ.,155
tlg2200-001,1184,Δατιανῷ.,627
tlg2200-001,1185,Σαλουτίῳ.,184
tlg2200-001,1186,Θεμιστίῳ.,141
tlg2200-001,1187,Ἀλκίμῳ.,207
tlg2200-001,1188,Θεοδώρῳ.,194
tlg2200-001,1189,Κλεάρχῳ.,294
tlg2200-001,1190,Λητοΐῳ.,262
tlg2200-001,1191,Σευήρῳ.,74
tlg2200-001,1192,Εὐγενίῳ.,140
tlg2200-001,1193,Θεμιστίῳ.,224
tlg2200-001,1194,Ἰοβίνῳ.,170
tlg2200-001,1195,Εὐμολπίῳ.,120
tlg2200-001,1196,Νικοκλεῖ.,245
tlg2200-001,1197,Δατιανῷ.,218
tlg2200-001,1198,Ὀλυμπίῳ.,116
tlg2200-001,1199,Καισαρίῳ.,175
tlg2200-001,1200,Δομιτιανῷ,231
tlg2200-001,1201,Εὐηθίῳ.,139
tlg2200-001,1202,Λητοΐῳ.,83
tlg2200-001,1203,Μεγεθίῳ.,120
tlg2200-001,1204,Παλλαδίῳ.,136
tlg2200-001,1205,Θεοδώρῳ.,31
tlg2200-001,1206,Οὐλπιανῷ.,110
tlg2200-001,1207,Παλλαδίῳ.,181
tlg2200-001,1208,Μαρίῳ.,170
tlg2200-001,1209,Νικεντίῳ.,251
tlg2200-001,1210,Εὐελπιστίῳ.,209
tlg2200-001,1211,Νικοκλεῖ.,215
tlg2200-001,1212,Δημητρίῳ.,58
tlg2200-001,1213,Εὐθαλίῳ.,66
tlg2200-001,1214,Ἀριστοφάνει.,184
tlg2200-001,1215,Δατιανῷ.,181
tlg2200-001,1216,Μοδέστῳ.,195
tlg2200-001,1217,Μαρίῳ.,189
tlg2200-001,1218,Γαϊανῷ.,234
tlg2200-001,1219,Οὐλπιανῷ.,173
tlg2200-001,1220,Σκυλακίῳ.,446
tlg2200-001,1221,Ἀνδρονίκῳ.,397
tlg2200-001,1222,Ἀκακίῳ.,243
tlg2200-001,1223,Φιλίππῳ.,246
tlg2200-001,1224,Σαλουτίῳ.,554
tlg2200-001,1225,Πιεντίῳ.,165
tlg2200-001,1226,Ἰοβίνῳ.,99
tlg2200-001,1227,Καισαρίῳ.,79
tlg2200-001,1228,Νικεντίῳ.,165
tlg2200-001,1229,Ἀταρβίῳ.,217
tlg2200-001,1230,Καστρικίῳ.,135
tlg2200-001,1231,Βιταλίῳ.,127
tlg2200-001,1232,Κλεάρχῳ.,124
tlg2200-001,1233,Καλλιστίωνι.,197
tlg2200-001,1234,Ζηνοδώρῳ.,113
tlg2200-001,1235,Ἰοβίνῳ.,252
tlg2200-001,1236,Οὐλπιανῷ.,130
tlg2200-001,1237,Διονυσίῳ.,68
tlg2200-001,1238,Παλλαδίῳ.,163
tlg2200-001,1239,Ἀρίστωνι.,125
tlg2200-001,1240,Στρατηγίῳ καὶ Ἀλβανίῳ.,183
tlg2200-001,1241,Ὀλυμπίῳ.,136
tlg2200-001,1242,Ἀνδροκλεῖ.,164
tlg2200-001,1243,Κυρίνῳ.,155
tlg2200-001,1244,Πρισκιανῷ.,93
tlg2200-001,1245,Ζηνοδώρῳ.,72
tlg2200-001,1246,Ἀνδρονίκῳ.,71
tlg2200-001,1247,Γαϊανῷ.,171
tlg2200-001,1248,Πρισκιανῷ.,66
tlg2200-001,1249,Παλλαδίῳ.,180
tlg2200-001,1250,Πρισκιανῷ.,142
tlg2200-001,1251,Τῷ αὐτῷ.,111
tlg2200-001,1252,Ἐντρεχίῳ.,195
tlg2200-001,1253,Πρισκιανῷ.,79
tlg2200-001,1254,Τῷ αὐτῷ.,51
tlg2200-001,1255,Δομνίνῳ.,152
tlg2200-001,1256,Ἀλεξάνδρῳ.,162
tlg2200-001,1257,Εὐφημίῳ.,270
tlg2200-001,1258,Ὀλυμπίῳ.,112
tlg2200-001,1259,Δατιανῷ.,380
tlg2200-001,1260,Τῷ αὐτῷ.,627
tlg2200-001,1261,Σκυλακίῳ.,326
tlg2200-001,1262,Φουρτουνατιανῷ.,83
tlg2200-001,1263,Μαξίμῳ.,170
tlg2200-001,1264,Ἀριστοφάνει.,334
tlg2200-001,1265,Νικοκλεῖ.,211
tlg2200-001,1266,Κλεάρχῳ.,376
tlg2200-001,1267,Λεοντίῳ.,170
tlg2200-001,1268,Ὑπερεχίῳ.,149
tlg2200-001,1269,Μαρίῳ.,134
tlg2200-001,1270,Γαϊανῷ.,53
tlg2200-001,1271,Σκυλακίῳ.,38
tlg2200-001,1272,Ἀνδρονίκῳ.,68
tlg2200-001,1273,Οὐλπιανῷ.,111
tlg2200-001,1274,Μαξίμῳ.,292
tlg2200-001,1275,Τῷ αὐτῷ,89
tlg2200-001,1276,Οὐλπιανῷ.,72
tlg2200-001,1277,Δατιανῷ.,197
tlg2200-001,1278,Μαξίμῳ.,80
tlg2200-001,1279,Εὐτοκίῳ.,75
tlg2200-001,1280,Πρισκιανῷ.,89
tlg2200-001,1281,Οὐλπιανῷ.,122
tlg2200-001,1282,Τῷ αὐτῷ.,112
tlg2200-001,1283,Κληματίῳ.,285
tlg2200-001,1284,Ἀκακίῳ.,111
tlg2200-001,1285,Οὐλπιανῷ.,41
tlg2200-001,1286,Ἀκακίῳ.,160
tlg2200-001,1287,Εὐαγρίῳ.,104
tlg2200-001,1288,Μαρίῳ.,105
tlg2200-001,1289,Οὐλπιανῷ.,70
tlg2200-001,1290,Κλεάρχῳ.,23
tlg2200-001,1291,Δομιτιανῷ.,134
tlg2200-001,1292,Ἐλπιδίῳ.,110
tlg2200-001,1293,Βασσιανῷ.,82
tlg2200-001,1294,Ἀλεξάνδρῳ.,101
tlg2200-001,1295,Ἀχραντίῳ.,125
tlg2200-001,1296,Θεμιστίῳ.,151
tlg2200-001,1297,Δατιανῷ.,182
tlg2200-001,1298,Σαλουτίῳ.,201
tlg2200-001,1299,Μακεδονίῳ.,129
tlg2200-001,1300,Εὐδαίμονι.,164
tlg2200-001,1301,Ἀκακίῳ.,251
tlg2200-001,1302,Οὐλπιανῷ.,73
tlg2200-001,1303,Εὐδαίμονι.,95
tlg2200-001,1304,Θεμιστίῳ.,143
tlg2200-001,1305,Μοδέστῳ.,130
tlg2200-001,1306,Ἀκακίῳ.,154
tlg2200-001,1307,Λημματίῳ.,295
tlg2200-001,1308,Καισαρίῳ.,85
tlg2200-001,1309,Σαβίνω.,113
tlg2200-001,1310,Δεκεντίῳ.,124
tlg2200-001,1311,Δατιανῷ.,214
tlg2200-001,1312,Ἰοβίνῳ.,121
tlg2200-001,1313,Σαβρικίῳ.,44
tlg2200-001,1314,Σαλουτίῳ.,47
tlg2200-001,1315,Νεβριδίῳ.,144
tlg2200-001,1316,Μοδέστῳ.,45
tlg2200-001,1317,Δεκεντίῳ.,99
tlg2200-001,1318,Ἰουλιανῷ.,162
tlg2200-001,1319,Γεροντίῳ.,100
tlg2200-001,1320,Δατιανῷ.,167
tlg2200-001,1321,Σαλουτίῳ.,132
tlg2200-001,1322,Κλεάρχῳ.,164
tlg2200-001,1323,Τῷ αὐτῷ.,152
tlg2200-001,1324,Δατιανῷ.,117
tlg2200-001,1325,Πελαγίῳ.,468
tlg2200-001,1326,Δημητρίῳ.,132
tlg2200-001,1327,Ζηνοδώρῳ.,119
tlg2200-001,1328,Δομετιανῷ.,179
tlg2200-001,1329,Ἀρίστωνι.,115
tlg2200-001,1330,Ἀντωνίνῳ.,175
tlg2200-001,1331,Κλεάρχῳ.,207
tlg2200-001,1332,Φιλαγρίῳ.,113
tlg2200-001,1333,Ἀρίστωνι.,108
tlg2200-001,1334,Πελαγίῳ.,143
tlg2200-001,1335,Ἰουλίῳ.,97
tlg2200-001,1336,Σκυλακίῳ.,178
tlg2200-001,1337,Δομνίνῳ.,126
tlg2200-001,1338,Ἀρίστωνι.,132
tlg2200-001,1339,Εὐθαλίῳ.,174
tlg2200-001,1340,Ἀνδροκλεῖ.,99
tlg2200-001,1341,Γεροντίῳ.,221
tlg2200-001,1342,Ἀκακίῳ.,150
tlg2200-001,1343,Ῥουφίνῳ.,88
tlg2200-001,1344,Μαξίμῳ.,54
tlg2200-001,1345,Πομπηιανῷ.,44
tlg2200-001,1346,Κυρίνῳ.,223
tlg2200-001,1347,Γαΐῳ.,182
tlg2200-001,1348,Ἀριστοφάνει.,34
tlg2200-001,1349,Δημητρίῳ.,63
tlg2200-001,1350,Μαξίμῳ.,233
tlg2200-001,1351,Ἀλεξάνδρῳ.,410
tlg2200-001,1352,Ἱέρακι.,137
tlg2200-001,1353,Δημητρίῳ.,134
tlg2200-001,1354,Μαξίμῳ.,283
tlg2200-001,1355,Γαϊανῷ.,152
tlg2200-001,1356,Εὐστολίῳ.,108
tlg2200-001,1357,Μαρκελλίνῳ.,150
tlg2200-001,1358,Σωπάτρῳ.,58
tlg2200-001,1359,Ὑπερεχίῳ.,165
tlg2200-001,1360,Ἀλεξάνδρῳ.,120
tlg2200-001,1361,Τῷ αὐτῷ.,239
tlg2200-001,1362,Ὁνωρατιανῷ.,64
tlg2200-001,1363,Ἀλκίμῳ.,154
tlg2200-001,1364,Γαϊανῷ.,393
tlg2200-001,1365,Ῥουφίνῳ.,369
tlg2200-001,1366,Ἀλεξάνδρῳ.,176
tlg2200-001,1367,Μοδέστῳ.,328
tlg2200-001,1368,Νικοκλεῖ.,317
tlg2200-001,1369,Ἀλεξάνδρῳ.,97
tlg2200-001,1370,Τῷ αὐτῷ.,57
tlg2200-001,1371,Γαΐῳ καὶ Ἀθανασίῳ.,85
tlg2200-001,1372,Ἀκακίῳ.,108
tlg2200-001,1373,Φουρτουνατιανῷ.,161
tlg2200-001,1374,Ῥουφίνῳ.,145
tlg2200-001,1375,Γαϊανῷ.,318
tlg2200-001,1376,Ἡλιοδώρῳ.,145
tlg2200-001,1377,Μαξίμῳ.,106
tlg2200-001,1378,Ἀνδρονίκῳ.,221
tlg2200-001,1379,Ῥουφίνῳ.,150
tlg2200-001,1380,Τῷ αὐτῷ.,124
tlg2200-001,1381,Μαξίμῳ.,206
tlg2200-001,1382,Ὑπερεχίῳ.,50
tlg2200-001,1383,Σωζομενῷ.,480
tlg2200-001,1384,Καισαρίῳ.,82
tlg2200-001,1385,Ἀλεξάνδρῳ.,257
tlg2200-001,1386,Μεμορίῳ.,104
tlg2200-001,1387,Δημητρίῳ.,103
tlg2200-001,1388,Ἀκακίῳ.,72
tlg2200-001,1389,Εὐστολίῳ.,120
tlg2200-001,1390,Σωπάτρῳ.,119
tlg2200-001,1391,Γεροντίῳ.,178
tlg2200-001,1392,Ἀλεξάνδρῳ.,408
tlg2200-001,1393,Αὐξεντίῳ.,226
tlg2200-001,1394,Εὐφρονίῳ.,155
tlg2200-001,1395,Ἀλυπίῳ.,199
tlg2200-001,1396,Γεροντίῳ.,170
tlg2200-001,1397,Ἀλεξάνδρῳ.,321
tlg2200-001,1398,Ῥουφίνῳ.,340
tlg2200-001,1399,Καισαρίῳ.,348
tlg2200-001,1400,Δουλκιτίῳ.,362
tlg2200-001,1401,Δημητρίῳ.,62
tlg2200-001,1402,Ἀριστοφάνει.,321
tlg2200-001,1403,Ἱερίῳ.,228
tlg2200-001,1404,Ἀταρβίῳ.,108
tlg2200-001,1405,Ἀλεξάνδρῳ.,68
tlg2200-001,1406,Τῷ αὐτῷ.,235
tlg2200-001,1407,Ἀταρβίῳ.,64
tlg2200-001,1408,Βασιλείδῃ.,191
tlg2200-001,1409,Πρίσκῃ.,228
tlg2200-001,1410,Ἐλπιδίῳ.,132
tlg2200-001,1411,Ἀλεξάνδρῳ.,319
tlg2200-001,1412,Τῷ αὐτῷ.,122
tlg2200-001,1413,Βακχίῳ.,113
tlg2200-001,1414,Ἀλεξάνδρῳ.,339
tlg2200-001,1415,Τῷ αὐτῷ.,161
tlg2200-001,1416,Φλαβιανῷ.,159
tlg2200-001,1417,Βακχίῳ.,100
tlg2200-001,1418,Λεοντίῳ.,241
tlg2200-001,1419,Ἐκδικίῳ.,191
tlg2200-001,1420,Ὑπερεχίῳ.,116
tlg2200-001,1421,Μαξίμῳ.,127
tlg2200-001,1422,Γαϊανῷ.,85
tlg2200-001,1423,Διοδότῳ.,65
tlg2200-001,1424,Ἐντρεχίῳ.,355
tlg2200-001,1425,Φουρτουνατιανῷ.,209
tlg2200-001,1426,Σαλουτίῳ.,283
tlg2200-001,1427,Ῥουφίνῳ.,78
tlg2200-001,1428,Σαλουτίῳ.,193
tlg2200-001,1429,Τῷ αὐτῷ.,269
tlg2200-001,1430,Θεμιστίῳ.,293
tlg2200-001,1431,Σκυλακίῳ.,288
tlg2200-001,1432,Ἐλπιδίῳ.,96
tlg2200-001,1433,Τῷ αὐτῷ.,184
tlg2200-001,1434,Φιλαγρίῳ.,255
tlg2200-001,1435,Καισαρίῳ.,283
tlg2200-001,1436,Φουρτουνατιανῷ.,228
tlg2200-001,1437,Κλαυδιανῷ.,234
tlg2200-001,1438,Παλλαδίῳ.,196
tlg2200-001,1439,Μαξίμῳ.,144
tlg2200-001,1440,Εὐαγόρᾳ.,68
tlg2200-001,1441,Ὑπερεχίῳ.,215
tlg2200-001,1442,Λεοντίῳ.,96
tlg2200-001,1443,Καισαρίῳ.,363
tlg2200-001,1444,Τῷ αὐτῷ.,141
tlg2200-001,1445,Ὀλυμπίῳ.,66
tlg2200-001,1446,Δατιανῷ.,334
tlg2200-001,1447,Καισαρίῳ.,75
tlg2200-001,1448,Ἐλπιδίῳ.,82
tlg2200-001,1449,Καισαρίῳ.,223
tlg2200-001,1450,Σαλουτίῳ.,67
tlg2200-001,1451,Κλεάρχῳ.,194
tlg2200-001,1452,Θεμιστίῳ.,124
tlg2200-001,1453,Μοδέστῳ.,157
tlg2200-001,1454,Ἰουλιανῷ.,156
tlg2200-001,1455,Θεμιστίῳ.,133
tlg2200-001,1456,Καισαρίῳ.,239
tlg2200-001,1457,Παλλαδίῳ.,130
tlg2200-001,1458,Ἀκακίῳ.,180
tlg2200-001,1459,Καισαρίῳ.,240
tlg2200-001,1460,Ἀνδρονίκῳ.,126
tlg2200-001,1461,Γαϊανῷ.,84
tlg2200-001,1462,Σαλουτίῳ.,132
tlg2200-001,1463,Δεκεντίῳ.,101
tlg2200-001,1464,Ἀφοβίῳ.,98
tlg2200-001,1465,Αἰαντίῳ.,170
tlg2200-001,1466,Ἰαμβλίχῳ.,180
tlg2200-001,1467,Σαλουτίῳ.,176
tlg2200-001,1468,Καισαρίῳ.,84
tlg2200-001,1469,Ἀκακίῳ.,109
tlg2200-001,1470,Παλλαδίῳ.,86
tlg2200-001,1471,Γρηγορίῳ.,95
tlg2200-001,1472,Ἰοβίνῳ.,121
tlg2200-001,1473,Σελεύκῳ.,284
tlg2200-001,1474,Σαλουτίῳ.,343
tlg2200-001,1475,Ὑπερεχίῳ.,156
tlg2200-001,1476,Δεκεντίῳ.,167
tlg2200-001,1477,Θεμιστίῳ.,291
tlg2200-001,1478,Ἀφοβίῳ.,100
tlg2200-001,1479,Ἀκακίῳ.,110
tlg2200-001,1480,Γεροντίῳ.,292
tlg2200-001,1481,Σιμπλικίῳ.,252
tlg2200-001,1482,Δεκεντίῳ.,208
tlg2200-001,1483,Μοδέστῳ.,311
tlg2200-001,1484,Γεροντίῳ.,186
tlg2200-001,1485,Εὐανθίῳ.,133
tlg2200-001,1486,Παλλαδίῳ.,80
tlg2200-001,1487,Νικοκλεῖ.,167
tlg2200-001,1488,Δατιανῷ.,170
tlg2200-001,1489,Θεμιστίῳ.,200
tlg2200-001,1490,Βασσιανῷ.,196
tlg2200-001,1491,Θεοδώρῳ.,112
tlg2200-001,1492,Κλεάρχῳ.,136
tlg2200-001,1493,Ῥουφίνῳ.,302
tlg2200-001,1494,Κύρῳ.,226
tlg2200-001,1495,Θεμιστίῳ.,244
tlg2200-001,1496,Λεοντίῳ.,273
tlg2200-001,1497,Ἐκδικίῳ.,121
tlg2200-001,1498,Δομιτιανῷ.,68
tlg2200-001,1499,Ἰοβίνῳ.,89
tlg2200-001,1500,Εὐμαθίῳ.,140
tlg2200-001,1501,Διονυσίῳ.,96
tlg2200-001,1502,Ἐκδικίῳ.,99
tlg2200-001,1503,Ἰοβίνῳ.,203
tlg2200-001,1504,Δεκεντίῳ.,243
tlg2200-001,1505,Τῷ αὐτῷ.,199
tlg2200-001,1506,Ἀμμιανῷ.,221
tlg2200-001,1507,Ζηνοδώρῳ.,153
tlg2200-001,1508,Σελεύκῳ.,354
tlg2200-001,1509,Κλεάρχῳ.,236
tlg2200-001,1510,Δεκεντίῳ.,220
tlg2200-001,1511,Τῷ αὐτῷ.,143
tlg2200-001,1512,Ἰοβίνῳ.,136
tlg2200-001,1513,Εὐσεβίῳ.,204
tlg2200-001,1514,Ἀκακίῳ.,220
tlg2200-001,1515,Φουρτουνατιανῷ.,121
tlg2200-001,1516,Προκληιανῷ.,101
tlg2200-001,1517,Τῇ ἐν Ἀγκύρᾳ βουλῇ.,357
tlg2200-001,1518,Αὐσονίῳ.,296
tlg2200-001,1519,Εὐελπιστίῳ.,147
tlg2200-001,1520,Δεκεντίῳ.,151
tlg2200-001,1521,Τῷ αὐτῷ.,215
tlg2200-001,1522,Ἀμμιανῷ.,156
tlg2200-001,1523,Εὐτολμίῳ.,183
tlg2200-001,1524,Γεροντίῳ.,239
tlg2200-001,1525,Βίκτορι.,193
tlg2200-001,1526,Λημματίῳ.,164
tlg2200-001,1527,Ἀμμιανῷ.,208
tlg2200-001,1528,Ἱλαρίῳ.,164
tlg2200-001,1529,Κλεάρχῳ.,130
tlg2200-001,1530,Δομνίνῳ.,127
tlg2200-001,1531,Ἑρμογένει.,96
tlg2200-001,1532,Ἀμβροσίῳ.,133
tlg2200-001,1533,Νικοκλεῖ.,159
tlg2200-001,1534,Θεοδώρῳ.,291
tlg2200-001,1535,Κλεάρχῳ.,87
tlg2200-001,1536,Ἀμμιανῷ.,190
tlg2200-001,1537,Ἀνδρομάχῳ.,232
tlg2200-001,1538,Ἀκακίῳ.,117
tlg2200-001,1539,Ἱερίῳ.,101
tlg2200-001,1540,Ἀμμιανῷ.,182
tlg2200-001,1541,Ἀπολλιναρίῳ καὶ Γεμέλλῳ.,97
tlg2200-001,1542,Φλωρεντίῳ.,26
tlg2200-001,1543,Ἀμφιλοχίῳ ἐπισκόπῳ,212
tlg2200-001,1544,Ὀπτίμῳ.,147
tlg2006-001,0001,Νικάνδρῳ.,197
tlg2006-001,0002,Ἰωάννῃ.,60
tlg2006-001,0003,Τῷ ἀδελφῷ Εὐοπτίῳ.,371
tlg2006-001,0004,Τῷ αὐτῷ.,2746
tlg2006-001,0005,Τοῖς πρεσβυτέροις.,431
tlg2006-001,0006,Ἀνυσίῳ.,126
tlg2006-001,0007,Θεοδώρῳ καὶ τῇ ἀδελφῇ.,128
tlg2006-001,0008,Τῷ ἀδελφῷ.,166
tlg2006-001,0009,Θεοφίλῳ ἀρχιεπισκόπῳ.,73
tlg2006-001,0010,Τῇ φιλοσόφῳ Ὑπατίᾳ.,138
tlg2006-001,0011,Τοῖς πρεσβυτέροις.,228
tlg2006-001,0012,Κυρίλλῳ.,119
tlg2006-001,0013,Πέτρῳ πρεσβυτέρῳ.,192
tlg2006-001,0014,Ἀνυσίῳ.,77
tlg2006-001,0015,Τῇ φιλοσόφῳ.,101
tlg2006-001,0016,Τῇ αὐτῇ.,167
tlg2006-001,0017,Ἡλιοδώρῳ.,73
tlg2006-001,0018,Τῷ ἀδελφῷ.,117
tlg2006-001,0019,Ἡρώδῃ καὶ Μαρτυρίῳ.,92
tlg2006-001,0020,Διογένει,86
tlg2006-001,0021,Τῷ ἡγεμόνι.,87
tlg2006-001,0022,Ἀναστασίῳ.,62
tlg2006-001,0023,Διογένει.,70
tlg2006-001,0024,Σιμπλικίῳ.,44
tlg2006-001,0025,Ἡλιοδώρῳ.,77
tlg2006-001,0026,Τρωΐλῳ.,59
tlg2006-001,0027,Κώνσταντι.,64
tlg2006-001,0028,Σιμπλικίῳ.,36
tlg2006-001,0029,Πενταδίῳ αὐγουσταλίῳ.,198
tlg2006-001,0030,Τῷ αὐτῷ.,58
tlg2006-001,0031,Αὐρηλιανῷ.,154
tlg2006-001,0032,Τῷ ἀδελφῷ.,329
tlg2006-001,0033,Τῇ φιλοσόφῳ,23
tlg2006-001,0034,Αὐρηλιανῷ.,59
tlg2006-001,0035,Τῷ ἀδελφῷ.,46
tlg2006-001,0036,Τῷ αὐτῷ.,24
tlg2006-001,0037,Ἀνυσίῳ.,69
tlg2006-001,0038,Αὐρηλιανῷ.,100
tlg2006-001,0039,Τῷ ἀδελφῷ.,20
tlg2006-001,0040,Οὐρανίῳ.,144
tlg2006-001,0041,Ἑταίρῳ.,46
tlg2006-001,0042,Κληδονίῳ.,74
tlg2006-001,0043,Ἀναστασίῳ.,115
tlg2006-001,0044,Ἰωάννῃ.,1609
tlg2006-001,0045,Ὀλυμπίῳ.,20
tlg2006-001,0046,Ἀναστασίῳ.,145
tlg2006-001,0047,Θεοτίμῳ.,243
tlg2006-001,0048,Πυλαιμένει.,67
tlg2006-001,0049,Θεοτίμῳ.,146
tlg2006-001,0050,Τῷ ἀδελφῷ.,292
tlg2006-001,0051,Τῷ αὐτῷ.,112
tlg2006-001,0052,Τῷ αὐτῷ.,104
tlg2006-001,0053,Τῷ αὐτῷ.,121
tlg2006-001,0054,Τῷ αὐτῷ.,146
tlg2006-001,0055,Τῷ αὐτῷ.,116
tlg2006-001,0056,Τῷ αὐτῷ.,99
tlg2006-001,0057,Κατὰ Ἀνδρονίκου.,3238
tlg2006-001,0058,Τοῖς ἐπισκόποις.,739
tlg2006-001,0059,Ἀνυσίῳ.,101
tlg2006-001,0060,Αὐξεντίῳ.,153
tlg2006-001,0061,Πυλαιμένει.,403
tlg2006-001,0062,Τῷ ἡγεμόνι.,192
tlg2006-001,0063,Ἰωάννῃ.,15
tlg2006-001,0064,Τῷ αὐτῷ.,22
tlg2006-001,0065,Τῷ ἀδελφῷ.,22
tlg2006-001,0066,Θεοφίλῳ.,533
tlg2006-001,0067,Τῷ αὐτῷ.,3081
tlg2006-001,0068,Τῷ αὐτῷ.,57
tlg2006-001,0069,Τῷ αὐτῷ.,133
tlg2006-001,0070,Πρόκλῳ.,89
tlg2006-001,0071,Πυλαιμένει.,80
tlg2006-001,0072,Τοῖς ἐπισκόποις.,437
tlg2006-001,0073,Τρωΐλῳ.,716
tlg2006-001,0074,Πυλαιμένει.,44
tlg2006-001,0075,Νικάνδρῳ.,114
tlg2006-001,0076,Θεοφίλῳ.,167
tlg2006-001,0077,Ἀνυσίῳ.,29
tlg2006-001,0078,Τῷ αὐτῷ.,354
tlg2006-001,0079,Ἀναστασίῳ.,1199
tlg2006-001,0080,Θεοφίλῳ,149
tlg2006-001,0081,Τῇ φιλοσόφῳ.,184
tlg2006-001,0082,Τῷ ἀδελφῷ.,52
tlg2006-001,0083,Χρύσῃ.,74
tlg2006-001,0084,Τῷ ἀδελφῷ.,58
tlg2006-001,0085,Τῷ αὐτῷ.,53
tlg2006-001,0086,Τῷ αὐτῷ.,44
tlg2006-001,0087,Τῷ αὐτῷ.,52
tlg2006-001,0088,Πυλαιμένει.,78
tlg2006-001,0089,Τῷ ἀδελφῷ.,82
tlg2006-001,0090,Θεοφίλῳ.,128
tlg2006-001,0091,Τρωΐλῳ.,138
tlg2006-001,0092,Τῷ ἀδελφῷ.,29
tlg2006-001,0093,Ἡσυχίῳ.,218
tlg2006-001,0094,Ἀνυσίῳ.,248
tlg2006-001,0095,Τῷ ἀδελφῷ.,964
tlg2006-001,0096,Ὀλυμπίῳ,208
tlg2006-001,0097,Τῷ αὐτῷ.,122
tlg2006-001,0098,Τῷ αὐτῷ.,178
tlg2006-001,0099,Τῷ αὐτῷ.,240
tlg2006-001,0100,Πυλαιμένει.,148
tlg2006-001,0101,Τῷ αὐτῷ.,692
tlg2006-001,0102,Τῷ αὐτῷ.,115
tlg2006-001,0103,Τῷ αὐτῷ.,815
tlg2006-001,0104,Τῷ ἀδελφῷ.,998
tlg2006-001,0105,Τῷ αὐτῷ.,1307
tlg2006-001,0106,Τῷ αὐτῷ.,91
tlg2006-001,0107,Τῷ αὐτῷ.,101
tlg2006-001,0108,Τῷ αὐτῷ.,217
tlg2006-001,0109,Τῷ αὐτῷ.,195
tlg2006-001,0110,Τῷ αὐτῷ.,284
tlg2006-001,0111,Τρωΐλῳ.,48
tlg2006-001,0112,Τῷ αὐτῷ.,48
tlg2006-001,0113,Τῷ ἀδελφῷ.,162
tlg2006-001,0114,Τῷ αὐτῷ.,181
tlg2006-001,0115,Θεοδώρῳ ἰατρῷ.,35
tlg2006-001,0116,Αὐξεντίῳ.,171
tlg2006-001,0117,Ἡλιοδώρῳ,58
tlg2006-001,0118,Τρωΐλῳ.,152
tlg2006-001,0119,Τρωΐλῳ.,124
tlg2006-001,0120,Τῷ ἀδελφῷ.,50
tlg2006-001,0121,Ἀθανασίῳ ὑδρομίκτῃ.,511
tlg2006-001,0122,Τῷ ἀδελφῷ.,239
tlg2006-001,0123,Τρωΐλῳ.,213
tlg2006-001,0124,Τῇ φιλοσόφῳ.,123
tlg2006-001,0125,Τῷ ἀδελφῷ.,239
tlg2006-001,0126,Ἀσκληπιοδότῳ.,191
tlg2006-001,0127,Τῷ ἀδελφῷ.,309
tlg2006-001,0128,Πρὸς ἐπίσκοπον.,67
tlg2006-001,0129,Πυλαιμένει.,394
tlg2006-001,0130,Σιμπλικίῳ.,508
tlg2006-001,0131,Πυλαιμένει.,446
tlg2006-001,0132,Τῷ ἀδελφῷ.,454
tlg2006-001,0133,Ὀλυμπίῳ.,544
tlg2006-001,0134,Πυλαιμένει.,417
tlg2006-001,0135,Τῷ ἀδελφῷ.,85
tlg2006-001,0136,Τῷ αὐτῷ.,203
tlg2006-001,0137,Ἑρκουλιανῷ.,536
tlg2006-001,0138,Τῷ αὐτῷ.,252
tlg2006-001,0139,Τῷ αὐτῷ.,320
tlg2006-001,0140,Τῷ αὐτῷ.,490
tlg2006-001,0141,Τῷ αὐτῷ.,170
tlg2006-001,0142,Τῷ αὐτῷ.,243
tlg2006-001,0143,τῷ αὐτῷ.,556
tlg2006-001,0144,τῷ αὐτῷ.,274
tlg2006-001,0145,Τῷ αὐτῷ.,221
tlg2006-001,0146,Τῷ αὐτῷ.,390
tlg2006-001,0147,Ἰωάννῃ.,228
tlg2006-001,0148,Ὀλυμπίῳ.,1350
tlg2006-001,0149,Τῷ αὐτῷ.,111
tlg2006-001,0150,Πυλαιμένει.,141
tlg2006-001,0151,Τῷ αὐτῷ.,125
tlg2006-001,0152,Τῷ αὐτῷ.,108
tlg2006-001,0153,Τῷ αὐτῷ.,64
tlg2006-001,0154,Τῇ φιλοσόφῳ.,1064
tlg2006-001,0155,Δομετιανῷ σχολαστικῷ.,154
tlg2006-001,0156,Τῷ αὐτῷ.,63
tlg2006-001,0157,Χρυσο .....,239
tlg2006-001,0158,Τῷ αὐτῷ.,120
tlg2006-001,0159,,359
tlg2003-013,0004,Εὐαγρίῳ ῥήτορι.,443
tlg2003-013,0008,Εὐμενίῳ καὶ Φαριανῷ.,200
tlg2003-013,0009,Ἰουλιανὸς Ἀλυπίῳ ἀδελφῷ Καισαρίου.,203
tlg2003-013,0010,Ἰουλιανὸς Ἀλυπίῳ ἀδελφῷ Καισαρίου.,184
tlg2003-013,0011,Πρίσκῳ.,164
tlg2003-013,0012,Πρίσκῳ.,219
tlg2003-013,0013,Ἰουλιανὸς Πρίσκῳ.,137
tlg2003-013,0014,Ἰουλιανὸς Ὀριβασίῳ.,533
tlg2003-013,0019,Μαξιμίνῳ.,50
tlg2003-013,0020,,87
tlg2003-013,0025,,61
tlg2003-013,0026,Μαξίμῳ φιλοσόφῳ.,547
tlg2003-013,0028,Ἰουλιανὸς Ἰουλιανῷ θείῳ.,127
tlg2003-013,0029,Ἰουλιανὸς Εὐθηρίῳ.,52
tlg2003-013,0030,Θεοδώρῳ ἀρχιερεῖ.,539
tlg2003-013,0031,Προαιρεσίῳ σοφιστῇ.,131
tlg2003-013,0032,Τῷ μεγάλῳ Βασιλείῳ.,250
tlg2003-013,0033,Ἰουλιανὸς Ἑρμογένει ἀπὸ ἐπάρχων Αἰγύπτου.,133
tlg2003-013,0034,Εὐσταθίῳ φιλοσόφῳ.,111
tlg2003-013,0035,Εὐσταθίῳ φιλοσόφῳ.,106
tlg2003-013,0036,Ἰουλιανῷ Εὐστάθιος φιλόσοφος.,135
tlg2003-013,0040,Ἰουλιανὸς Φιλίππῳ.,270
tlg2003-013,0041,Ἰουλιανὸς Εὐστοχίῳ.,143
tlg2003-013,0046,Ἰουλιανὸς Ἀετίῳ ἐπισκόπῳ.,61
tlg2003-013,0054,Βυζακίοις.,37
tlg2003-013,0058,Ζήνωνι ἀρχιατρῷ.,158
tlg2003-013,0059,Ἀλεξανδρεῦσιν.,282
tlg2003-013,0060,"Αὐτοκράτωρ Καῖσαρ Ἰουλιανὸς Μέγιστος 
Σεβαστὸς Ἀλεξανδρέων τῷ δήμῳ.",598
tlg2003-013,0061,,604
tlg2003-013,0073,Θρᾳξίν.,164
tlg2003-013,0075,Ἰουλιανοῦ νόμος περὶ τῶν ἰατρῶν,77
tlg2003-013,0078,Ἀριστοξένῳ φιλοσόφῳ.,176
tlg2003-013,0079,,592
tlg2003-013,0080,Ἰουλιανῷ θείῳ.,752
tlg2003-013,0081,Ἰουλιανὸς Καλλιξείνῃ ἱερείᾳ Μητρὸς θεῶν.,163
tlg2003-013,0082,Ἰουλιανὸς κατὰ τοῦ Νείλου.,1973
tlg2003-013,0083,"Ἰουλιανὸς Ἀταρβίῳ, ἰδιόγραφον.",73
tlg2003-013,0084,Ἐπιστολὴ Ἰουλιανοῦ βασιλέως Ἀρσακίῳ ἀρχιερεῖ Γαλατίας.,601
tlg2003-013,0085,Ἰουλιανὸς Θεοδώρᾳ τῇ αἰδεσιμωτάτῃ.,51
tlg2003-013,0086,Θεοδώρᾳ.,406
tlg2003-013,0087,,60
tlg2003-013,0088,,392
tlg2003-013,0089,Ἰουλιανὸς Καῖσαρ Θεοδώρῳ ἀρχιερεῖ.,5071
tlg2003-013,0094,,45
tlg2003-013,0096,Ἰουλιανὸς Λιβανίῳ σοφιστῇ καὶ κοιαίστωρι.,221
tlg2003-013,0097,Ἰουλιανὸς Λιβανίῳ.,571
tlg2003-013,0098,Ἰουλιανὸς Λιβανίῳ σοφιστῇ καὶ κοιαίστωρι.,877
tlg2003-013,0106,"Ἐπιστολὴ Ἰουλιανοῦ τοῦ παραβάτου 
πρὸς Πορφύριον καθολικόν.",102
tlg2003-013,0107,Ἰουλιανὸς Ἐκδικίῳ ἐπάρχῳ Αἰγύπτου.,180
tlg2003-013,0108,Ἰουλιανὸς Ἐκδικίῳ ἐπάρχῳ Αἰγύπτου.,72
tlg2003-013,0109,Ἰουλιανὸς Ἐκδικίῳ ἐπάρχῳ Αἰγύπτου.,144
tlg2003-013,0110,Ἰουλιανὸς Ἀλεξανδρεῦσι.,139
tlg2003-013,0111,Ἰουλιανὸς Ἀλεξανδρεῦσιν.,773
tlg2003-013,0112,Ἰουλιανὸς Ἐκδικίῳ ἐπάρχῳ Αἰγύπτου.,147
tlg2003-013,0114,Ἰουλιανὸς Βοστρηνοῖς.,665
tlg2003-013,0115,Ἰουλιανὸς 〈Ἐδεσσηνοῖς〉.,169
tlg2003-013,0134,,31
tlg2003-013,0136,,679
tlg2003-013,0152,Ἰουλιανὸς Λεοντίῳ.,123
tlg2003-013,0153,Πλουτάρχῳ.,70
tlg2003-013,0155,,82
tlg2003-013,0156,,15
tlg2003-013,0157,,53
